v -0.160416 -0.99661 0 
v -0.150199 -0.99487400000000004 0 
v -0.140158 -0.99233400000000005 0 
v -0.13037299999999999 -0.98895999999999995 0 
v -0.120932 -0.98472599999999999 0 
v -0.111941 -0.97961900000000002 0 
v -0.103532 -0.97364300000000004 0 
v -0.095871200000000004 -0.96680500000000003 0 
v -0.089149000000000006 -0.95912399999999998 0 
v -0.083560599999999999 -0.95064499999999996 0 
v -0.079276600000000003 -0.94145299999999998 0 
v -0.076422299999999999 -0.93167800000000001 0 
v -0.075064699999999998 -0.92148699999999995 0 
v -0.075207399999999994 -0.91106299999999996 0 
v -0.076797000000000004 -0.90059199999999995 0 
v -0.079742400000000005 -0.89025600000000005 0 
v -0.083938299999999993 -0.88022100000000003 0 
v -0.089278300000000005 -0.87062899999999999 0 
v -0.095655100000000007 -0.86158900000000005 0 
v -0.10295700000000001 -0.85317900000000002 0 
v -0.111069 -0.84544699999999995 0 
v -0.119882 -0.83842399999999995 0 
v -0.12928899999999999 -0.83211400000000002 0 
v -0.13919100000000001 -0.82649899999999998 0 
v -0.14948500000000001 -0.82153399999999999 0 
v -0.16006600000000001 -0.81715300000000002 0 
v -0.170794 -0.81326600000000004 0 
v -0.18143999999999999 -0.80974900000000005 0 
v -0.19159100000000001 -0.80642899999999995 0 
v -0.20055100000000001 -0.80308599999999997 0 
v -0.207313 -0.79949800000000004 0 
v -0.210704 -0.79554000000000002 0 
v -0.20968700000000001 -0.79130500000000004 0 
v -0.20372999999999999 -0.78714700000000004 0 
v -0.19300600000000001 -0.783582 0 
v -0.178312 -0.78108299999999997 0 
v -0.16076399999999999 -0.77987799999999996 0 
v -0.14144399999999999 -0.77987700000000004 0 
v -0.121174 -0.78073800000000004 0 
v -0.100467 -0.78201600000000004 0 
v -0.079588000000000006 -0.78328600000000004 0 
v -0.058662899999999997 -0.78423100000000001 0 
v -0.037763699999999997 -0.78467299999999995 0 
v -0.016976999999999999 -0.78459500000000004 0 
v 0.0035427100000000001 -0.78412899999999996 0 
v 0.023532899999999999 -0.78352500000000003 0 
v 0.042619900000000002 -0.78308900000000004 0 
v 0.060380099999999999 -0.78310299999999999 0 
v 0.076463299999999998 -0.78376100000000004 0 
v 0.090719400000000006 -0.78514499999999998 0 
v 0.103251 -0.78724000000000005 0 
v 0.114356 -0.78999299999999995 0 
v 0.124404 -0.79335100000000003 0 
v 0.133714 -0.79728500000000002 0 
v 0.142513 -0.80176599999999998 0 
v 0.15093599999999999 -0.80675300000000005 0 
v 0.15906400000000001 -0.81218100000000004 0 
v 0.16695699999999999 -0.81796800000000003 0 
v 0.17466100000000001 -0.82403099999999996 0 
v 0.18222099999999999 -0.83029600000000003 0 
v 0.18967800000000001 -0.83669899999999997 0 
v 0.19706899999999999 -0.84318599999999999 0 
v 0.204431 -0.84970999999999997 0 
v 0.21179999999999999 -0.85622900000000002 0 
v 0.21920799999999999 -0.862703 0 
v 0.226686 -0.86909400000000003 0 
v 0.234261 -0.87536700000000001 0 
v 0.24195700000000001 -0.88148700000000002 0 
v 0.24979299999999999 -0.88742399999999999 0 
v 0.25778200000000001 -0.89315100000000003 0 
v 0.26593299999999997 -0.89864200000000005 0 
v 0.27424999999999999 -0.90387600000000001 0 
v 0.28273399999999999 -0.90883199999999997 0 
v 0.29138199999999997 -0.91349000000000002 0 
v 0.30019000000000001 -0.91783000000000003 0 
v 0.30915300000000001 -0.92182799999999998 0 
v 0.31826300000000002 -0.92546399999999995 0 
v 0.327513 -0.92871800000000004 0 
v 0.33688800000000002 -0.93157599999999996 0 
v 0.34637400000000002 -0.93402799999999997 0 
v 0.35595500000000002 -0.93606400000000001 0 
v 0.36561300000000002 -0.93766700000000003 0 
v 0.37532799999999999 -0.93881499999999996 0 
v 0.38508100000000001 -0.93947800000000004 0 
v 0.394847 -0.93962299999999999 0 
v 0.40459299999999998 -0.93921399999999999 0 
v 0.41427999999999998 -0.93821399999999999 0 
v 0.42385600000000001 -0.93657900000000005 0 
v 0.43325999999999998 -0.93426100000000001 0 
v 0.44241599999999998 -0.93121299999999996 0 
v 0.451235 -0.92740199999999995 0 
v 0.45961000000000002 -0.92281100000000005 0 
v 0.46741300000000002 -0.91744700000000001 0 
v 0.47448699999999999 -0.91134000000000004 0 
v 0.48065200000000002 -0.90453600000000001 0 
v 0.48572599999999999 -0.89710199999999996 0 
v 0.48955300000000002 -0.88913299999999995 0 
v 0.49203599999999997 -0.88075300000000001 0 
v 0.493143 -0.87211300000000003 0 
v 0.492898 -0.86337200000000003 0 
v 0.491369 -0.85468 0 
v 0.48866300000000001 -0.84615700000000005 0 
v 0.48493399999999998 -0.83787400000000001 0 
v 0.48036699999999999 -0.82985900000000001 0 
v 0.47516399999999998 -0.82210000000000005 0 
v 0.46950900000000001 -0.814558 0 
v 0.46356399999999998 -0.80717799999999995 0 
v 0.45746500000000001 -0.79989500000000002 0 
v 0.45133200000000001 -0.79263300000000003 0 
v 0.44527099999999997 -0.78531600000000001 0 
v 0.43937599999999999 -0.77787499999999998 0 
v 0.43371999999999999 -0.77026300000000003 0 
v 0.42835400000000001 -0.76245099999999999 0 
v 0.42331400000000002 -0.75443400000000005 0 
v 0.41863299999999998 -0.74621400000000004 0 
v 0.41433999999999999 -0.73780199999999996 0 
v 0.41046100000000002 -0.72920799999999997 0 
v 0.40700900000000001 -0.72044699999999995 0 
v 0.40397699999999997 -0.71153900000000003 0 
v 0.40134900000000001 -0.70250900000000005 0 
v 0.39911000000000002 -0.69338100000000003 0 
v 0.39724799999999999 -0.68417499999999998 0 
v 0.395756 -0.67490899999999998 0 
v 0.39463100000000001 -0.66559699999999999 0 
v 0.393874 -0.65625500000000003 0 
v 0.393486 -0.64689600000000003 0 
v 0.39347100000000002 -0.63753300000000002 0 
v 0.39382299999999998 -0.62817699999999999 0 
v 0.39452300000000001 -0.61883900000000003 0 
v 0.39554600000000001 -0.60952499999999998 0 
v 0.39686500000000002 -0.600244 0 
v 0.39845599999999998 -0.59100299999999995 0 
v 0.40030100000000002 -0.58180500000000002 0 
v 0.40238299999999999 -0.57265500000000003 0 
v 0.40468599999999999 -0.563554 0 
v 0.407198 -0.554504 0 
v 0.40990500000000002 -0.54550799999999999 0 
v 0.41279500000000002 -0.53656499999999996 0 
v 0.415852 -0.52767299999999995 0 
v 0.41905900000000001 -0.51883000000000001 0 
v 0.422404 -0.51003500000000002 0 
v 0.42587900000000001 -0.50128799999999996 0 
v 0.42947999999999997 -0.49258999999999997 0 
v 0.43320700000000001 -0.48394399999999999 0 
v 0.43706600000000001 -0.475356 0 
v 0.44106000000000001 -0.46682899999999999 0 
v 0.44519900000000001 -0.45837099999999997 0 
v 0.44948399999999999 -0.44998500000000002 0 
v 0.45391599999999999 -0.44167600000000001 0 
v 0.45849400000000001 -0.43344500000000002 0 
v 0.46321699999999999 -0.42529600000000001 0 
v 0.46808300000000003 -0.41723100000000002 0 
v 0.47309299999999999 -0.40925400000000001 0 
v 0.478244 -0.40136699999999997 0 
v 0.48353299999999999 -0.39356999999999998 0 
v 0.488952 -0.38586199999999998 0 
v 0.49449500000000002 -0.37824000000000002 0 
v 0.50015100000000001 -0.37069999999999997 0 
v 0.50590999999999997 -0.36323499999999997 0 
v 0.51175999999999999 -0.35583900000000002 0 
v 0.51768999999999998 -0.34850399999999998 0 
v 0.52368800000000004 -0.34122200000000003 0 
v 0.52974299999999996 -0.33398499999999998 0 
v 0.53584399999999999 -0.32678299999999999 0 
v 0.54197799999999996 -0.319606 0 
v 0.54813100000000003 -0.312444 0 
v 0.55428599999999995 -0.305282 0 
v 0.56042700000000001 -0.29810500000000001 0 
v 0.56653399999999998 -0.29089700000000002 0 
v 0.57258399999999998 -0.28364099999999998 0 
v 0.57855299999999998 -0.27632000000000001 0 
v 0.58441399999999999 -0.26891300000000001 0 
v 0.59013599999999999 -0.26140099999999999 0 
v 0.59568500000000002 -0.25376399999999999 0 
v 0.60102500000000003 -0.24598500000000001 0 
v 0.60611800000000005 -0.23804700000000001 0 
v 0.61092800000000003 -0.229938 0 
v 0.61541999999999997 -0.22165199999999999 0 
v 0.61956299999999997 -0.21318599999999999 0 
v 0.62333499999999997 -0.204544 0 
v 0.62672399999999995 -0.195738 0 
v 0.62973699999999999 -0.186781 0 
v 0.63239500000000004 -0.17769499999999999 0 
v 0.63474200000000003 -0.16850399999999999 0 
v 0.63683199999999995 -0.15923499999999999 0 
v 0.63873199999999997 -0.14991199999999999 0 
v 0.64052200000000004 -0.140566 0 
v 0.64229700000000001 -0.13123099999999999 0 
v 0.64417899999999995 -0.121966 0 
v 0.64632100000000003 -0.112856 0 
v 0.64890499999999995 -0.104018 0 
v 0.65211600000000003 -0.095585299999999998 0 
v 0.65610800000000002 -0.0876807 0 
v 0.66095199999999998 -0.080386100000000002 0 
v 0.66662500000000002 -0.073732900000000004 0 
v 0.67303000000000002 -0.067711400000000005 0 
v 0.68003599999999997 -0.062288299999999998 0 
v 0.68751099999999998 -0.0574116 0 
v 0.69533900000000004 -0.053006200000000003 0 
v 0.70341699999999996 -0.048969199999999997 0 
v 0.71165500000000004 -0.0451796 0 
v 0.71997599999999995 -0.041515999999999997 0 
v 0.72831800000000002 -0.037872599999999999 0 
v 0.73663699999999999 -0.0341652 0 
v 0.74489399999999995 -0.0303287 0 
v 0.75306099999999998 -0.026312100000000001 0 
v 0.76110999999999995 -0.022075399999999998 0 
v 0.76901399999999998 -0.017589 0 
v 0.77675099999999997 -0.0128331 0 
v 0.78429800000000005 -0.0077952100000000003 0 
v 0.791632 -0.0024677800000000001 0 
v 0.798732 0.00315439 0 
v 0.80557400000000001 0.0090755000000000002 0 
v 0.81213400000000002 0.0152987 0 
v 0.818388 0.021824400000000001 0 
v 0.82431699999999997 0.028647300000000001 0 
v 0.82990699999999995 0.035754800000000003 0 
v 0.83515300000000003 0.043128600000000003 0 
v 0.84004599999999996 0.050747199999999999 0 
v 0.84458 0.058590099999999999 0 
v 0.84874700000000003 0.0666379 0 
v 0.85254399999999997 0.0748722 0 
v 0.85596899999999998 0.083273200000000006 0 
v 0.85902699999999999 0.091820299999999994 0 
v 0.86171600000000004 0.100493 0 
v 0.86402100000000004 0.10927199999999999 0 
v 0.86591799999999997 0.118141 0 
v 0.86737600000000004 0.127085 0 
v 0.86837200000000003 0.13608500000000001 0 
v 0.86889099999999997 0.14512 0 
v 0.86893399999999998 0.154167 0 
v 0.86851100000000003 0.16320599999999999 0 
v 0.86764200000000002 0.17221700000000001 0 
v 0.86635499999999999 0.18118300000000001 0 
v 0.86468900000000004 0.19009599999999999 0 
v 0.86268800000000001 0.19894999999999999 0 
v 0.86040000000000005 0.20774599999999999 0 
v 0.85786799999999996 0.21648400000000001 0 
v 0.85513099999999997 0.22516800000000001 0 
v 0.85221999999999998 0.23380200000000001 0 
v 0.84916400000000003 0.242391 0 
v 0.84599199999999997 0.250942 0 
v 0.84273100000000001 0.259463 0 
v 0.83940999999999999 0.26796199999999998 0 
v 0.83606000000000003 0.27645199999999998 0 
v 0.832708 0.284941 0 
v 0.82938000000000001 0.29343900000000001 0 
v 0.82609399999999999 0.301954 0 
v 0.82286400000000004 0.31048900000000001 0 
v 0.81969199999999998 0.319046 0 
v 0.81657800000000003 0.327625 0 
v 0.81351099999999998 0.33622000000000002 0 
v 0.81047800000000003 0.344829 0 
v 0.80746099999999998 0.35344300000000001 0 
v 0.80444199999999999 0.36205700000000002 0 
v 0.80139899999999997 0.37066199999999999 0 
v 0.79831099999999999 0.379251 0 
v 0.79515599999999997 0.38781399999999999 0 
v 0.79191299999999998 0.39634200000000003 0 
v 0.78855900000000001 0.40482499999999999 0 
v 0.78507199999999999 0.41325099999999998 0 
v 0.78142999999999996 0.42160900000000001 0 
v 0.77761499999999995 0.42988599999999999 0 
v 0.77360799999999996 0.43806800000000001 0 
v 0.76939199999999996 0.44614100000000001 0 
v 0.76495299999999999 0.45409100000000002 0 
v 0.76028099999999998 0.46190300000000001 0 
v 0.75536599999999998 0.46956300000000001 0 
v 0.75020500000000001 0.47705700000000001 0 
v 0.74479700000000004 0.48437599999999997 0 
v 0.73914800000000003 0.49151099999999998 0 
v 0.733267 0.49845699999999998 0 
v 0.72716499999999995 0.50520799999999999 0 
v 0.72084899999999996 0.51175700000000002 0 
v 0.71432399999999996 0.51809400000000005 0 
v 0.70759499999999997 0.52420800000000001 0 
v 0.70066399999999995 0.53008900000000003 0 
v 0.69353799999999999 0.53572600000000004 0 
v 0.68622300000000003 0.54111200000000004 0 
v 0.678728 0.54624399999999995 0 
v 0.67106500000000002 0.55112000000000005 0 
v 0.663246 0.55574500000000004 0 
v 0.65528699999999995 0.56012799999999996 0 
v 0.64720299999999997 0.56428299999999998 0 
v 0.639011 0.56822899999999998 0 
v 0.63072799999999996 0.57198800000000005 0 
v 0.62236999999999998 0.57558699999999996 0 
v 0.613954 0.57905899999999999 0 
v 0.60550000000000004 0.58244499999999999 0 
v 0.597028 0.58579000000000003 0 
v 0.588557 0.58914 0 
v 0.58010899999999999 0.59254200000000001 0 
v 0.57170200000000004 0.59603499999999998 0 
v 0.56335800000000003 0.599661 0 
v 0.55509900000000001 0.60345700000000002 0 
v 0.54695099999999996 0.607464 0 
v 0.53894799999999998 0.61172700000000002 0 
v 0.53112599999999999 0.61629400000000001 0 
v 0.52352600000000005 0.62121599999999999 0 
v 0.51617999999999997 0.62654299999999996 0 
v 0.50910599999999995 0.632328 0 
v 0.50229699999999999 0.63863099999999995 0 
v 0.49572500000000003 0.64552399999999999 0 
v 0.48934699999999998 0.65307800000000005 0 
v 0.483128 0.66134199999999999 0 
v 0.477053 0.67031799999999997 0 
v 0.471138 0.67994200000000005 0 
v 0.46541199999999999 0.69010199999999999 0 
v 0.45989999999999998 0.70066600000000001 0 
v 0.45460800000000001 0.71150999999999998 0 
v 0.44951600000000003 0.72253500000000004 0 
v 0.44457999999999998 0.73367099999999996 0 
v 0.43974400000000002 0.74486600000000003 0 
v 0.434948 0.75608399999999998 0 
v 0.43013099999999999 0.76729400000000003 0 
v 0.425238 0.77846800000000005 0 
v 0.42021999999999998 0.78958300000000003 0 
v 0.41503299999999999 0.80061499999999997 0 
v 0.409638 0.81154400000000004 0 
v 0.40400700000000001 0.822349 0 
v 0.398117 0.833013 0 
v 0.39195400000000002 0.84352099999999997 0 
v 0.38551299999999999 0.85385999999999995 0 
v 0.37879200000000002 0.86402100000000004 0 
v 0.37179600000000002 0.87399499999999997 0 
v 0.36453099999999999 0.88377700000000003 0 
v 0.35700599999999999 0.89336099999999996 0 
v 0.34922900000000001 0.90273899999999996 0 
v 0.34120800000000001 0.91190700000000002 0 
v 0.33295200000000003 0.920852 0 
v 0.32447900000000002 0.92955600000000005 0 
v 0.315826 0.93798400000000004 0 
v 0.30706899999999998 0.94606999999999997 0 
v 0.298342 0.95370999999999995 0 
v 0.28984399999999999 0.96076399999999995 0 
v 0.281802 0.96707799999999999 0 
v 0.27440799999999999 0.97253299999999998 0 
v 0.26774900000000001 0.97708399999999995 0 
v 0.26177600000000001 0.98078399999999999 0 
v 0.25633499999999998 0.98377000000000003 0 
v 0.25123400000000001 0.98621899999999996 0 
v 0.246307 0.98830300000000004 0 
v 0.241449 0.99016000000000004 0 
v 0.23660700000000001 0.99187199999999998 0 
v 0.23175899999999999 0.99346800000000002 0 
v 0.22689999999999999 0.99492499999999995 0 
v 0.222025 0.99618600000000002 0 
v 0.21712300000000001 0.99717299999999998 0 
v 0.212176 0.99782599999999999 0 
v 0.207154 0.99811899999999998 0 
v 0.202013 0.99807400000000002 0 
v 0.19670399999999999 0.99773400000000001 0 
v 0.191191 0.99714199999999997 0 
v 0.18546799999999999 0.99631899999999995 0 
v 0.179565 0.995255 0 
v 0.173536 0.99393200000000004 0 
v 0.16744400000000001 0.992344 0 
v 0.16133500000000001 0.99051299999999998 0 
v 0.15523500000000001 0.98848800000000003 0 
v 0.14915 0.98632900000000001 0 
v 0.14307900000000001 0.98409400000000002 0 
v 0.137015 0.98182400000000003 0 
v 0.13095399999999999 0.97954799999999997 0 
v 0.124899 0.97728000000000004 0 
v 0.118857 0.97503200000000001 0 
v 0.112842 0.97281700000000004 0 
v 0.106876 0.97065299999999999 0 
v 0.10098500000000001 0.96855899999999995 0 
v 0.095189499999999996 0.96655000000000002 0 
v 0.089497999999999994 0.96462700000000001 0 
v 0.083908399999999994 0.96277199999999996 0 
v 0.078411800000000004 0.96094199999999996 0 
v 0.0730021 0.95907799999999999 0 
v 0.067683699999999999 0.95710899999999999 0 
v 0.062472199999999999 0.95496599999999998 0 
v 0.057389299999999997 0.95259499999999997 0 
v 0.052461399999999998 0.94996100000000006 0 
v 0.047723000000000002 0.94703499999999996 0 
v 0.043225100000000002 0.943774 0 
v 0.0390357 0.94007600000000002 0 
v 0.0352255 0.93574999999999997 0 
v 0.031848099999999997 0.93049300000000001 0 
v 0.0289348 0.923902 0 
v 0.026519000000000001 0.91554800000000003 0 
v 0.024672900000000001 0.90510100000000004 0 
v 0.023517300000000001 0.89246400000000004 0 
v 0.023184 0.87783299999999997 0 
v 0.023749200000000002 0.86163400000000001 0 
v 0.025185200000000001 0.84438199999999997 0 
v 0.027361099999999999 0.82653100000000002 0 
v 0.0300834 0.80839700000000003 0 
v 0.033148200000000003 0.79015500000000005 0 
v 0.036379500000000002 0.77188000000000001 0 
v 0.039650999999999999 0.75359600000000004 0 
v 0.042898899999999997 0.73531000000000002 0 
v 0.046130499999999998 0.71702999999999995 0 
v 0.049427499999999999 0.69877699999999998 0 
v 0.052937999999999999 0.68058799999999997 0 
v 0.056853899999999999 0.66251499999999997 0 
v 0.061376399999999998 0.64462200000000003 0 
v 0.066679799999999997 0.62698200000000004 0 
v 0.072883000000000003 0.60966399999999998 0 
v 0.080033199999999999 0.59272100000000005 0 
v 0.088101799999999994 0.57618100000000005 0 
v 0.096991499999999994 0.560033 0 
v 0.106554 0.54423100000000002 0 
v 0.11661000000000001 0.52869999999999995 0 
v 0.12697 0.51334400000000002 0 
v 0.13742699999999999 0.49805700000000003 0 
v 0.14775199999999999 0.48272300000000001 0 
v 0.15765199999999999 0.46722799999999998 0 
v 0.166745 0.45147599999999999 0 
v 0.17454 0.43542500000000001 0 
v 0.18046300000000001 0.41914000000000001 0 
v 0.183918 0.402839 0 
v 0.18439900000000001 0.38691500000000001 0 
v 0.18159400000000001 0.37191800000000003 0 
v 0.175455 0.35847499999999999 0 
v 0.16620499999999999 0.34717799999999999 0 
v 0.15428500000000001 0.338445 0 
v 0.14025899999999999 0.33240199999999998 0 
v 0.12471699999999999 0.328849 0 
v 0.10818999999999999 0.32731300000000002 0 
v 0.091093199999999999 0.32720199999999999 0 
v 0.073710800000000007 0.32795299999999999 0 
v 0.056209000000000002 0.32913500000000001 0 
v 0.038671900000000002 0.33046999999999999 0 
v 0.021135399999999999 0.33179999999999998 0 
v 0.00361225 0.33304 0 
v -0.0138938 0.33414199999999999 0 
v -0.031382199999999999 0.33507399999999998 0 
v -0.048852699999999999 0.335808 0 
v -0.0663049 0.33632299999999998 0 
v -0.083738099999999996 0.33659899999999998 0 
v -0.101151 0.33662399999999998 0 
v -0.118543 0.33639200000000002 0 
v -0.135911 0.335899 0 
v -0.153254 0.335142 0 
v -0.170569 0.33411600000000002 0 
v -0.18785199999999999 0.332816 0 
v -0.20510200000000001 0.33123200000000003 0 
v -0.22231200000000001 0.32935900000000001 0 
v -0.23948 0.32718999999999998 0 
v -0.25660100000000002 0.32472299999999998 0 
v -0.27366800000000002 0.32195299999999999 0 
v -0.29067799999999999 0.31887500000000002 0 
v -0.30762299999999998 0.31548399999999999 0 
v -0.32449600000000001 0.31177199999999999 0 
v -0.34128799999999998 0.30772899999999997 0 
v -0.35798999999999997 0.30334100000000003 0 
v -0.37458799999999998 0.29859200000000002 0 
v -0.39106600000000002 0.293462 0 
v -0.40740999999999999 0.28793400000000002 0 
v -0.42360100000000001 0.28199099999999999 0 
v -0.43962099999999998 0.27561799999999997 0 
v -0.455453 0.26880399999999999 0 
v -0.47107700000000002 0.26153900000000002 0 
v -0.48647299999999999 0.25381199999999998 0 
v -0.50162200000000001 0.24562 0 
v -0.516509 0.23696300000000001 0 
v -0.53112099999999995 0.22785 0 
v -0.54544800000000004 0.21829499999999999 0 
v -0.55948299999999995 0.208317 0 
v -0.57322099999999998 0.197935 0 
v -0.58665699999999998 0.187167 0 
v -0.59978399999999998 0.17602899999999999 0 
v -0.61259799999999998 0.16453400000000001 0 
v -0.62509000000000003 0.152693 0 
v -0.63725399999999999 0.140516 0 
v -0.64908100000000002 0.12801299999999999 0 
v -0.66056499999999996 0.115194 0 
v -0.67170300000000005 0.102073 0 
v -0.68249599999999999 0.088665499999999994 0 
v -0.69294199999999995 0.074987300000000007 0 
v -0.70304599999999995 0.061054400000000002 0 
v -0.712808 0.046881300000000001 0 
v -0.72223099999999996 0.032481299999999998 0 
v -0.73131500000000005 0.017866400000000001 0 
v -0.74006099999999997 0.0030474500000000002 0 
v -0.748471 -0.011965 0 
v -0.75654500000000002 -0.027161000000000001 0 
v -0.76428399999999996 -0.042530600000000002 0 
v -0.77168999999999999 -0.058063499999999997 0 
v -0.77876699999999999 -0.073748900000000006 0 
v -0.78552299999999997 -0.089575600000000005 0 
v -0.79196900000000003 -0.105532 0 
v -0.79811699999999997 -0.121605 0 
v -0.80398400000000003 -0.13778399999999999 0 
v -0.80958799999999997 -0.154056 0 
v -0.81494699999999998 -0.17041300000000001 0 
v -0.82008000000000003 -0.18684300000000001 0 
v -0.82500600000000002 -0.20333699999999999 0 
v -0.82974199999999998 -0.219889 0 
v -0.83430400000000005 -0.23649000000000001 0 
v -0.83870100000000003 -0.253135 0 
v -0.84293600000000002 -0.26982299999999998 0 
v -0.847001 -0.286551 0 
v -0.85087199999999996 -0.30332300000000001 0 
v -0.85451200000000005 -0.32014199999999998 0 
v -0.85787100000000005 -0.33701399999999998 0 
v -0.86088399999999998 -0.35394300000000001 0 
v -0.86348100000000005 -0.37093199999999998 0 
v -0.865587 -0.38797900000000002 0 
v -0.86713300000000004 -0.40507599999999999 0 
v -0.86807000000000001 -0.42221199999999998 0 
v -0.86837699999999995 -0.43937100000000001 0 
v -0.86807699999999999 -0.45653899999999997 0 
v -0.86722999999999995 -0.47370099999999998 0 
v -0.86591799999999997 -0.49084899999999998 0 
v -0.86421899999999996 -0.50797199999999998 0 
v -0.86216899999999996 -0.525061 0 
v -0.85975800000000002 -0.54209600000000002 0 
v -0.85692900000000005 -0.55905499999999997 0 
v -0.85359300000000005 -0.57589999999999997 0 
v -0.84965100000000005 -0.59258599999999995 0 
v -0.84499999999999997 -0.60905699999999996 0 
v -0.83955000000000002 -0.625247 0 
v -0.83322700000000005 -0.64108500000000002 0 
v -0.82598499999999997 -0.656501 0 
v -0.81781300000000001 -0.67143399999999998 0 
v -0.80873200000000001 -0.68584000000000001 0 
v -0.79880099999999998 -0.69969700000000001 0 
v -0.78809899999999999 -0.71300200000000002 0 
v -0.77671999999999997 -0.72577100000000005 0 
v -0.76475400000000004 -0.73802599999999996 0 
v -0.75227699999999997 -0.74978599999999995 0 
v -0.73935099999999998 -0.76106399999999996 0 
v -0.72601199999999999 -0.77185199999999998 0 
v -0.71228000000000002 -0.78212199999999998 0 
v -0.69815700000000003 -0.79181999999999997 0 
v -0.68363600000000002 -0.80086800000000002 0 
v -0.668709 -0.80917300000000003 0 
v -0.65337400000000001 -0.81664099999999995 0 
v -0.63764600000000005 -0.823183 0 
v -0.62155300000000002 -0.82874400000000004 0 
v -0.60514100000000004 -0.833314 0 
v -0.58846699999999996 -0.836947 0 
v -0.57160100000000003 -0.83976399999999995 0 
v -0.55462199999999995 -0.84195200000000003 0 
v -0.53763099999999997 -0.84374099999999996 0 
v -0.52076800000000001 -0.84538500000000005 0 
v -0.50423700000000005 -0.84711999999999998 0 
v -0.48830699999999999 -0.84914199999999995 0 
v -0.47326600000000002 -0.85157099999999997 0 
v -0.45934700000000001 -0.85445400000000005 0 
v -0.44664500000000001 -0.85777599999999998 0 
v -0.435087 -0.86149699999999996 0 
v -0.42447400000000002 -0.86558100000000004 0 
v -0.41455999999999998 -0.870008 0 
v -0.40513199999999999 -0.87477700000000003 0 
v -0.39604 -0.87988200000000005 0 
v -0.38719300000000001 -0.88530500000000001 0 
v -0.37853799999999999 -0.89100999999999997 0 
v -0.370037 -0.89695000000000003 0 
v -0.36165799999999998 -0.90307499999999996 0 
v -0.35336899999999999 -0.909335 0 
v -0.34514299999999998 -0.91568700000000003 0 
v -0.33695000000000003 -0.92208900000000005 0 
v -0.32876300000000003 -0.92850299999999997 0 
v -0.32055299999999998 -0.93489199999999995 0 
v -0.31229299999999999 -0.94121699999999997 0 
v -0.30395499999999998 -0.94743999999999995 0 
v -0.295512 -0.95352000000000003 0 
v -0.28694199999999997 -0.95941600000000005 0 
v -0.278221 -0.96508400000000005 0 
v -0.26933099999999999 -0.97047600000000001 0 
v -0.26025399999999999 -0.97553900000000004 0 
v -0.25097900000000001 -0.980217 0 
v -0.24149999999999999 -0.98445700000000003 0 
v -0.231818 -0.98820300000000005 0 
v -0.221946 -0.99140499999999998 0 
v -0.21190600000000001 -0.99400900000000003 0 
v -0.20172599999999999 -0.99596600000000002 0 
v -0.191443 -0.99723099999999998 0 
v -0.18109700000000001 -0.99777300000000002 0 
v -0.170737 -0.99756999999999996 0 
v -0.143849 -0.20718 0 
v -0.14371200000000001 -0.19986300000000001 0 
v -0.142122 -0.192802 0 
v -0.13938200000000001 -0.185944 0 
v -0.135848 -0.17924100000000001 0 
v -0.13180900000000001 -0.17267099999999999 0 
v -0.127438 -0.166241 0 
v -0.12281300000000001 -0.159969 0 
v -0.117964 -0.153868 0 
v -0.112917 -0.14793400000000001 0 
v -0.107698 -0.142153 0 
v -0.102328 -0.136519 0 
v -0.096804799999999996 -0.131047 0 
v -0.091107199999999999 -0.12578300000000001 0 
v -0.085200300000000007 -0.120795 0 
v -0.079050400000000007 -0.11616799999999999 0 
v -0.072634000000000004 -0.111998 0 
v -0.065943600000000005 -0.10838299999999999 0 
v -0.058987999999999999 -0.10541499999999999 0 
v -0.051793199999999998 -0.10315000000000001 0 
v -0.044400000000000002 -0.101591 0 
v -0.036859900000000001 -0.10068199999999999 0 
v -0.029228899999999999 -0.100338 0 
v -0.0215617 -0.100483 0 
v -0.0139071 -0.101087 0 
v -0.0063044900000000003 -0.102164 0 
v 0.0012172999999999999 -0.10373499999999999 0 
v 0.0086392499999999994 -0.105797 0 
v 0.015948299999999999 -0.108318 0 
v 0.023135900000000001 -0.11124299999999999 0 
v 0.030207500000000002 -0.11450399999999999 0 
v 0.037201400000000003 -0.118003 0 
v 0.0442035 -0.121591 0 
v 0.051333299999999998 -0.12509400000000001 0 
v 0.0586975 -0.12837399999999999 0 
v 0.066333299999999998 -0.13139999999999999 0 
v 0.074185600000000004 -0.13425599999999999 0 
v 0.082132999999999998 -0.137076 0 
v 0.090041999999999997 -0.13997699999999999 0 
v 0.097813899999999995 -0.14305300000000001 0 
v 0.105403 -0.146399 0 
v 0.112819 -0.150119 0 
v 0.12012 -0.15427399999999999 0 
v 0.127385 -0.15884599999999999 0 
v 0.134663 -0.16375400000000001 0 
v 0.14191599999999999 -0.16894200000000001 0 
v 0.148976 -0.17443800000000001 0 
v 0.155552 -0.18035000000000001 0 
v 0.16128999999999999 -0.186804 0 
v 0.16587399999999999 -0.19388 0 
v 0.16913600000000001 -0.20157800000000001 0 
v 0.17111699999999999 -0.209811 0 
v 0.17202899999999999 -0.21843099999999999 0 
v 0.172123 -0.22725500000000001 0 
v 0.17153499999999999 -0.23607800000000001 0 
v 0.170208 -0.244672 0 
v 0.167933 -0.25278800000000001 0 
v 0.16448699999999999 -0.260183 0 
v 0.159774 -0.26669100000000001 0 
v 0.153895 -0.27230399999999999 0 
v 0.14711399999999999 -0.27719100000000002 0 
v 0.13975399999999999 -0.28163500000000002 0 
v 0.132079 -0.28588599999999997 0 
v 0.124222 -0.29001900000000003 0 
v 0.116176 -0.29389700000000002 0 
v 0.107859 -0.29725299999999999 0 
v 0.099190100000000003 -0.29982999999999999 0 
v 0.090155299999999994 -0.30149399999999998 0 
v 0.080811400000000005 -0.302257 0 
v 0.071256200000000006 -0.30223100000000003 0 
v 0.061584199999999999 -0.30157699999999998 0 
v 0.051857599999999997 -0.30049300000000001 0 
v 0.042101800000000002 -0.29921500000000001 0 
v 0.032317699999999998 -0.29800399999999999 0 
v 0.022498899999999999 -0.29710199999999998 0 
v 0.012643100000000001 -0.29666500000000001 0 
v 0.0027547700000000001 -0.29671999999999998 0 
v -0.0071594299999999996 -0.29715599999999998 0 
v -0.017095699999999998 -0.29775299999999999 0 
v -0.027053399999999998 -0.29823699999999997 0 
v -0.037029100000000002 -0.29834899999999998 0 
v -0.047003099999999999 -0.29789199999999999 0 
v -0.056923799999999997 -0.29674800000000001 0 
v -0.066692799999999997 -0.29483900000000002 0 
v -0.076160599999999995 -0.29208299999999998 0 
v -0.085144300000000006 -0.28837699999999999 0 
v -0.093473200000000006 -0.28362900000000002 0 
v -0.10105 -0.27782400000000002 0 
v -0.107893 -0.27106400000000003 0 
v -0.114131 -0.26355699999999999 0 
v -0.11994100000000001 -0.25556200000000001 0 
v -0.12545799999999999 -0.24731600000000001 0 
v -0.130692 -0.23900399999999999 0 
v -0.13548299999999999 -0.23075200000000001 0 
v -0.139516 -0.22265399999999999 0 
v -0.14241000000000001 -0.214781 0 
v 0.27878799999999998 -0.080364599999999994 0 
v 0.27648099999999998 -0.071677099999999994 0 
v 0.27521800000000002 -0.06318 0 
v 0.27478999999999998 -0.054882300000000002 0 
v 0.275059 -0.046809499999999997 0 
v 0.27602700000000002 -0.039018900000000002 0 
v 0.27780100000000002 -0.031582800000000001 0 
v 0.280476 -0.0245463 0 
v 0.28402500000000003 -0.0178864 0 
v 0.28827199999999997 -0.011505700000000001 0 
v 0.292958 -0.0052700300000000002 0 
v 0.29785299999999998 0.00093402399999999999 0 
v 0.302817 0.0071576000000000001 0 
v 0.30780999999999997 0.013386800000000001 0 
v 0.312838 0.0195742 0 
v 0.317884 0.0256825 0 
v 0.32285999999999998 0.0317162 0 
v 0.32761299999999999 0.037722499999999999 0 
v 0.33198499999999997 0.0437566 0 
v 0.33591700000000002 0.049829499999999999 0 
v 0.33951500000000001 0.055871799999999999 0 
v 0.34303099999999997 0.0617447 0 
v 0.34676400000000002 0.067294999999999994 0 
v 0.35093200000000002 0.072419200000000003 0 
v 0.35560900000000001 0.0770922 0 
v 0.36074400000000001 0.081342999999999999 0 
v 0.366232 0.085197800000000004 0 
v 0.37197200000000002 0.088629399999999997 0 
v 0.377884 0.091538900000000006 0 
v 0.38388499999999998 0.093771499999999994 0 
v 0.389874 0.095155799999999999 0 
v 0.39574100000000001 0.095559000000000005 0 
v 0.40140199999999998 0.094949099999999995 0 
v 0.40684799999999999 0.093441399999999994 0 
v 0.41215600000000002 0.091296600000000006 0 
v 0.41745399999999999 0.088857400000000003 0 
v 0.42286600000000002 0.086446099999999998 0 
v 0.42846299999999998 0.084280499999999994 0 
v 0.434255 0.082444199999999995 0 
v 0.44020100000000001 0.080913100000000002 0 
v 0.44624399999999997 0.079603099999999996 0 
v 0.45232800000000001 0.078406600000000007 0 
v 0.458399 0.0772037 0 
v 0.46440599999999999 0.075861399999999996 0 
v 0.47029199999999999 0.074238899999999997 0 
v 0.47600199999999998 0.072210099999999999 0 
v 0.48149700000000001 0.069696800000000003 0 
v 0.486763 0.066691399999999998 0 
v 0.491815 0.063253500000000004 0 
v 0.49669000000000002 0.059482399999999998 0 
v 0.50143000000000004 0.055481799999999998 0 
v 0.50606600000000002 0.0513331 0 
v 0.51060700000000003 0.047083199999999999 0 
v 0.51502599999999998 0.042742599999999999 0 
v 0.51925200000000005 0.038288999999999997 0 
v 0.52318500000000001 0.033679000000000001 0 
v 0.526729 0.028867799999999999 0 
v 0.52983400000000003 0.0238313 0 
v 0.53253099999999998 0.018576499999999999 0 
v 0.53490000000000004 0.013126799999999999 0 
v 0.53699200000000002 0.0074819800000000001 0 
v 0.538717 0.0015734499999999999 0 
v 0.53980600000000001 -0.0047564399999999998 0 
v 0.53987600000000002 -0.0117289 0 
v 0.53859599999999996 -0.0195637 0 
v 0.53586599999999995 -0.028407100000000001 0 
v 0.53188400000000002 -0.038287799999999997 0 
v 0.52704799999999996 -0.0491124 0 
v 0.52175499999999997 -0.060685299999999998 0 
v 0.51621899999999998 -0.072737399999999994 0 
v 0.51041499999999995 -0.084958000000000006 0 
v 0.50414599999999998 -0.097033099999999997 0 
v 0.49717600000000001 -0.10868999999999999 0 
v 0.489346 -0.11973499999999999 0 
v 0.480626 -0.13006100000000001 0 
v 0.47110800000000003 -0.139628 0 
v 0.46095799999999998 -0.14838799999999999 0 
v 0.45035500000000001 -0.15621599999999999 0 
v 0.43945699999999999 -0.16286 0 
v 0.42837900000000001 -0.16798299999999999 0 
v 0.41720200000000002 -0.171288 0 
v 0.40597800000000001 -0.17266200000000001 0 
v 0.39475100000000002 -0.17224700000000001 0 
v 0.38356600000000002 -0.170381 0 
v 0.37249100000000002 -0.167435 0 
v 0.36162499999999997 -0.163658 0 
v 0.35109600000000002 -0.15912599999999999 0 
v 0.34102700000000002 -0.153803 0 
v 0.33151000000000003 -0.147644 0 
v 0.32257999999999998 -0.14066899999999999 0 
v 0.31422899999999998 -0.13298099999999999 0 
v 0.30643599999999999 -0.12472900000000001 0 
v 0.29921999999999999 -0.116078 0 
v 0.29266999999999999 -0.107186 0 
v 0.28695599999999999 -0.098192600000000005 0 
v 0.28227999999999998 -0.089221400000000006 0 
v -0.31642500000000001 -0.169012 0 
v -0.31798100000000001 -0.17676800000000001 0 
v -0.31911600000000001 -0.184862 0 
v -0.32021899999999998 -0.193102 0 
v -0.32176100000000002 -0.20122499999999999 0 
v -0.324152 -0.208954 0 
v -0.32764500000000002 -0.21605099999999999 0 
v -0.33229399999999998 -0.22235199999999999 0 
v -0.33799200000000001 -0.22777600000000001 0 
v -0.34453600000000001 -0.23230500000000001 0 
v -0.35170800000000002 -0.235926 0 
v -0.35933599999999999 -0.23857400000000001 0 
v -0.36733900000000003 -0.24009900000000001 0 
v -0.37574999999999997 -0.24029600000000001 0 
v -0.38472499999999998 -0.23899400000000001 0 
v -0.39451399999999998 -0.23615700000000001 0 
v -0.40537600000000001 -0.23192699999999999 0 
v -0.41746800000000001 -0.22656299999999999 0 
v -0.43073699999999998 -0.22029799999999999 0 
v -0.44488699999999998 -0.213203 0 
v -0.45946199999999998 -0.205174 0 
v -0.47398000000000001 -0.19603899999999999 0 
v -0.488066 -0.18570200000000001 0 
v -0.50149200000000005 -0.174208 0 
v -0.51413900000000001 -0.16170000000000001 0 
v -0.52595199999999998 -0.148345 0 
v -0.53691299999999997 -0.134301 0 
v -0.547045 -0.119742 0 
v -0.55634700000000004 -0.10488500000000001 0 
v -0.56467999999999996 -0.089973300000000006 0 
v -0.57166799999999995 -0.075233999999999995 0 
v -0.57672100000000004 -0.060844099999999998 0 
v -0.57922700000000005 -0.046927900000000002 0 
v -0.57879499999999995 -0.033575500000000001 0 
v -0.57541600000000004 -0.020856300000000001 0 
v -0.56944600000000001 -0.0088098499999999993 0 
v -0.56146399999999996 0.0025801299999999999 0 
v -0.55208999999999997 0.0134 0 
v -0.54185799999999995 0.023774900000000002 0 
v -0.53112700000000002 0.033788400000000003 0 
v -0.52005000000000001 0.043402700000000002 0 
v -0.50860099999999997 0.052459100000000002 0 
v -0.49667899999999998 0.060785899999999997 0 
v -0.48422700000000002 0.068338999999999997 0 
v -0.47129399999999999 0.075242199999999995 0 
v -0.45800800000000003 0.081650399999999998 0 
v -0.44448599999999999 0.087519 0 
v -0.43076199999999998 0.092469399999999993 0 
v -0.41680099999999998 0.095887399999999998 0 
v -0.40257300000000001 0.097202899999999995 0 
v -0.38813300000000001 0.096148600000000001 0 
v -0.37366300000000002 0.092823500000000003 0 
v -0.35944900000000002 0.087549399999999999 0 
v -0.34583199999999997 0.080657599999999996 0 
v -0.33314100000000002 0.072357099999999994 0 
v -0.321629 0.062733899999999995 0 
v -0.31143300000000002 0.051829199999999999 0 
v -0.30257200000000001 0.039718700000000003 0 
v -0.294964 0.0265548 0 
v -0.28846500000000003 0.0125814 0 
v -0.28292 -0.0018595899999999999 0 
v -0.27823799999999999 -0.0163296 0 
v -0.274455 -0.0303235 0 
v -0.271729 -0.0433476 0 
v -0.27026099999999997 -0.055035000000000001 0 
v -0.27016000000000001 -0.065246299999999993 0 
v -0.27136300000000002 -0.0740957 0 
v -0.27362999999999998 -0.081882499999999997 0 
v -0.27662799999999999 -0.088970599999999997 0 
v -0.28002899999999997 -0.095680799999999996 0 
v -0.28358699999999998 -0.10223699999999999 0 
v -0.28715499999999999 -0.108764 0 
v -0.29067799999999999 -0.11530899999999999 0 
v -0.29416300000000001 -0.121873 0 
v -0.29765000000000003 -0.12843499999999999 0 
v -0.30117300000000002 -0.13497200000000001 0 
v -0.30472100000000002 -0.141489 0 
v -0.30820399999999998 -0.148038 0 
v -0.31145099999999998 -0.154722 0 
v -0.31424600000000003 -0.16167500000000001 0 
v 0.252359 -0.50807000000000002 0 
v 0.25314599999999998 -0.51795199999999997 0 
v 0.25181300000000001 -0.52785499999999996 0 
v 0.24885699999999999 -0.53776800000000002 0 
v 0.24490700000000001 -0.547705 0 
v 0.24052200000000001 -0.55768799999999996 0 
v 0.236045 -0.56770799999999999 0 
v 0.23156199999999999 -0.577708 0 
v 0.22695699999999999 -0.58758200000000005 0 
v 0.22203200000000001 -0.59721500000000005 0 
v 0.21662000000000001 -0.606514 0 
v 0.21063699999999999 -0.61542699999999995 0 
v 0.204043 -0.62391300000000005 0 
v 0.19674800000000001 -0.63188599999999995 0 
v 0.18854000000000001 -0.63917800000000002 0 
v 0.179094 -0.64555099999999999 0 
v 0.168103 -0.65079500000000001 0 
v 0.15543999999999999 -0.65481599999999995 0 
v 0.14125199999999999 -0.65769 0 
v 0.125915 -0.65962699999999996 0 
v 0.109886 -0.66090899999999997 0 
v 0.093548999999999993 -0.66182399999999997 0 
v 0.077140200000000006 -0.66259999999999997 0 
v 0.060761200000000001 -0.66333500000000001 0 
v 0.044434899999999999 -0.66395599999999999 0 
v 0.028162900000000001 -0.66424799999999995 0 
v 0.0119624 -0.66395199999999999 0 
v -0.0041069899999999996 -0.66286999999999996 0 
v -0.0199182 -0.66089299999999995 0 
v -0.035249599999999999 -0.657945 0 
v -0.049777599999999998 -0.653914 0 
v -0.063116599999999995 -0.64864699999999997 0 
v -0.074908799999999998 -0.64202099999999995 0 
v -0.084929500000000005 -0.63402099999999995 0 
v -0.093146599999999996 -0.62478199999999995 0 
v -0.099694400000000002 -0.61454799999999998 0 
v -0.104778 -0.60360100000000005 0 
v -0.108573 -0.59219299999999997 0 
v -0.111188 -0.58050500000000005 0 
v -0.112702 -0.56865200000000005 0 
v -0.11323900000000001 -0.55669100000000005 0 
v -0.11300399999999999 -0.54466000000000003 0 
v -0.112252 -0.53259900000000004 0 
v -0.111211 -0.52057500000000001 0 
v -0.109982 -0.50870899999999997 0 
v -0.108455 -0.49718899999999999 0 
v -0.106282 -0.48628500000000002 0 
v -0.102938 -0.47629899999999997 0 
v -0.097913 -0.46747300000000003 0 
v -0.090929300000000005 -0.45988099999999998 0 
v -0.082067699999999993 -0.45339800000000002 0 
v -0.071713899999999997 -0.44778099999999998 0 
v -0.060376899999999997 -0.442828 0 
v -0.048500599999999998 -0.43849900000000003 0 
v -0.0363681 -0.43490099999999998 0 
v -0.024109499999999999 -0.43214799999999998 0 
v -0.011762399999999999 -0.430205 0 
v 0.00067008300000000003 -0.42883100000000002 0 
v 0.0131901 -0.42768099999999998 0 
v 0.0257977 -0.426483 0 
v 0.038490499999999997 -0.42515500000000001 0 
v 0.051262099999999998 -0.42381999999999997 0 
v 0.0640989 -0.42272100000000001 0 
v 0.076980300000000002 -0.42211700000000002 0 
v 0.089883199999999996 -0.42218 0 
v 0.102788 -0.42291600000000001 0 
v 0.11568100000000001 -0.42415599999999998 0 
v 0.12854099999999999 -0.42564400000000002 0 
v 0.141322 -0.42720900000000001 0 
v 0.15393399999999999 -0.428929 0 
v 0.166242 -0.43115799999999999 0 
v 0.17809700000000001 -0.43437399999999998 0 
v 0.189387 -0.43895600000000001 0 
v 0.200074 -0.44501499999999999 0 
v 0.21019299999999999 -0.45237699999999997 0 
v 0.21978700000000001 -0.460704 0 
v 0.22880400000000001 -0.46965299999999999 0 
v 0.237013 -0.47897600000000001 0 
v 0.24399999999999999 -0.48853200000000002 0 
v 0.24925700000000001 -0.498247 0 
v 0.18240500000000001 0.19527 0 
v 0.18812200000000001 0.19023899999999999 0 
v 0.19298699999999999 0.184424 0 
v 0.19697799999999999 0.17786399999999999 0 
v 0.200187 0.17068800000000001 0 
v 0.20279 0.16307099999999999 0 
v 0.204986 0.15518499999999999 0 
v 0.20693300000000001 0.14716399999999999 0 
v 0.208699 0.1391 0 
v 0.21022299999999999 0.13106000000000001 0 
v 0.211316 0.123101 0 
v 0.21169199999999999 0.11529499999999999 0 
v 0.211062 0.10771699999999999 0 
v 0.209231 0.100437 0 
v 0.20618700000000001 0.093488299999999996 0 
v 0.202097 0.086848700000000001 0 
v 0.197245 0.080447599999999994 0 
v 0.19193199999999999 0.074190099999999995 0 
v 0.18639800000000001 0.067995200000000006 0 
v 0.18077699999999999 0.0618328 0 
v 0.17508799999999999 0.055742100000000003 0 
v 0.16927400000000001 0.0498158 0 
v 0.16325300000000001 0.044144799999999998 0 
v 0.15698999999999999 0.038748999999999999 0 
v 0.150532 0.033546600000000003 0 
v 0.143982 0.028393700000000001 0 
v 0.137436 0.023174799999999999 0 
v 0.13092999999999999 0.0178893 0 
v 0.124427 0.0126856 0 
v 0.117837 0.0078374699999999992 0 
v 0.111059 0.0036776700000000001 0 
v 0.104008 0.00050370000000000005 0 
v 0.096619899999999995 -0.0015212100000000001 0 
v 0.0888655 -0.0024286500000000001 0 
v 0.080749799999999997 -0.00242296 0 
v 0.072316099999999994 -0.0017793900000000001 0 
v 0.063639100000000004 -0.00072547300000000002 0 
v 0.0548084 0.00062147799999999996 0 
v 0.0459105 0.0022401600000000002 0 
v 0.037017300000000003 0.0041527500000000002 0 
v 0.028188000000000001 0.0063864000000000004 0 
v 0.019482800000000002 0.0089714100000000008 0 
v 0.0109791 0.011962 0 
v 0.0027764199999999999 0.015448099999999999 0 
v -0.0050277899999999999 0.019531199999999999 0 
v -0.0123859 0.024267799999999999 0 
v -0.019339200000000001 0.0296154 0 
v -0.0260021 0.035435099999999997 0 
v -0.0324751 0.041566600000000002 0 
v -0.038737800000000003 0.047931599999999998 0 
v -0.044601700000000001 0.054585799999999997 0 
v -0.049777799999999997 0.061677500000000003 0 
v -0.054021600000000003 0.069343000000000002 0 
v -0.057267800000000001 0.0776168 0 
v -0.059674499999999998 0.086410500000000001 0 
v -0.061564300000000002 0.095556100000000005 0 
v -0.063302399999999995 0.10487200000000001 0 
v -0.065162700000000004 0.11421000000000001 0 
v -0.067214800000000005 0.123475 0 
v -0.069259299999999996 0.132603 0 
v -0.070849700000000002 0.141539 0 
v -0.071422399999999997 0.15020600000000001 0 
v -0.070501999999999995 0.15851299999999999 0 
v -0.067890000000000006 0.166404 0 
v -0.063738299999999998 0.173905 0 
v -0.058469599999999997 0.181146 0 
v -0.052593399999999998 0.1883 0 
v -0.046514199999999999 0.19547600000000001 0 
v -0.040416000000000001 0.202623 0 
v -0.034254600000000003 0.20949100000000001 0 
v -0.027839800000000001 0.21567800000000001 0 
v -0.020958000000000001 0.22076200000000001 0 
v -0.0134775 0.22445799999999999 0 
v -0.0053951199999999998 0.22672900000000001 0 
v 0.0031845200000000001 0.2278 0 
v 0.012107400000000001 0.22806199999999999 0 
v 0.021226200000000001 0.227941 0 
v 0.030427900000000001 0.22778300000000001 0 
v 0.039633099999999997 0.22781899999999999 0 
v 0.048781600000000001 0.228159 0 
v 0.057819500000000003 0.22880300000000001 0 
v 0.066696099999999994 0.229629 0 
v 0.075368299999999999 0.23038800000000001 0 
v 0.083809700000000001 0.23075300000000001 0 
v 0.0920184 0.23042299999999999 0 
v 0.100021 0.229245 0 
v 0.107866 0.227267 0 
v 0.115615 0.22469700000000001 0 
v 0.123324 0.22179599999999999 0 
v 0.13102800000000001 0.218778 0 
v 0.138737 0.21576300000000001 0 
v 0.14643800000000001 0.21277599999999999 0 
v 0.15409500000000001 0.20977499999999999 0 
v 0.16164400000000001 0.20666799999999999 0 
v 0.16898299999999999 0.20332500000000001 0 
v 0.17596400000000001 0.19958400000000001 0 
v -0.43407800000000002 -0.64385199999999998 0 
v -0.44734600000000002 -0.648895 0 
v -0.46132800000000002 -0.65155200000000002 0 
v -0.47565200000000002 -0.651945 0 
v -0.489979 -0.65017199999999997 0 
v -0.50406700000000004 -0.646312 0 
v -0.51780899999999996 -0.64053000000000004 0 
v -0.53123200000000004 -0.63316099999999997 0 
v -0.544435 -0.62468199999999996 0 
v -0.55748399999999998 -0.61556900000000003 0 
v -0.57031200000000004 -0.60613099999999998 0 
v -0.58268399999999998 -0.596441 0 
v -0.59426500000000004 -0.58637399999999995 0 
v -0.60475199999999996 -0.57574400000000003 0 
v -0.61400200000000005 -0.56443200000000004 0 
v -0.62205699999999997 -0.55244300000000002 0 
v -0.62905800000000001 -0.53988000000000003 0 
v -0.63510999999999995 -0.52687200000000001 0 
v -0.640212 -0.51351500000000005 0 
v -0.64427699999999999 -0.49988300000000002 0 
v -0.64717100000000005 -0.48605799999999999 0 
v -0.64873099999999995 -0.47216000000000002 0 
v -0.64876100000000003 -0.458347 0 
v -0.64707499999999996 -0.44477299999999997 0 
v -0.64359900000000003 -0.43154799999999999 0 
v -0.63845700000000005 -0.41871999999999998 0 
v -0.63194099999999997 -0.40631499999999998 0 
v -0.624363 -0.39441799999999999 0 
v -0.61589400000000005 -0.383247 0 
v -0.60652200000000001 -0.37314700000000001 0 
v -0.59614299999999998 -0.364512 0 
v -0.58471399999999996 -0.357657 0 
v -0.57235199999999997 -0.35274899999999998 0 
v -0.55932700000000002 -0.34980099999999997 0 
v -0.54597700000000005 -0.34872599999999998 0 
v -0.53260600000000002 -0.34936600000000001 0 
v -0.51940399999999998 -0.351493 0 
v -0.50643499999999997 -0.35478700000000002 0 
v -0.49365999999999999 -0.358873 0 
v -0.48101300000000002 -0.36339199999999999 0 
v -0.46845399999999998 -0.36809599999999998 0 
v -0.45600299999999999 -0.37289499999999998 0 
v -0.44374200000000003 -0.37785000000000002 0 
v -0.43179099999999998 -0.38312499999999999 0 
v -0.42030099999999998 -0.38893100000000003 0 
v -0.40946500000000002 -0.39549499999999999 0 
v -0.39953499999999997 -0.40305800000000003 0 
v -0.39084000000000002 -0.41186299999999998 0 
v -0.38373400000000002 -0.42210799999999998 0 
v -0.37849699999999997 -0.43386000000000002 0 
v -0.37521599999999999 -0.44701200000000002 0 
v -0.37372300000000003 -0.46129999999999999 0 
v -0.37361800000000001 -0.47640100000000002 0 
v -0.37440000000000001 -0.49201899999999998 0 
v -0.37562800000000002 -0.507938 0 
v -0.37706699999999999 -0.52399899999999999 0 
v -0.378745 -0.54007499999999997 0 
v -0.38092100000000001 -0.55603599999999997 0 
v -0.38398100000000002 -0.57172599999999996 0 
v -0.38830900000000002 -0.58694500000000005 0 
v -0.39419100000000001 -0.60141800000000001 0 
v -0.40176800000000001 -0.61477400000000004 0 
v -0.41103600000000001 -0.62657099999999999 0 
v -0.421877 -0.63636899999999996 0 
v 0.172906 0.78713500000000003 0 
v 0.17854600000000001 0.79813900000000004 0 
v 0.18552299999999999 0.80699699999999996 0 
v 0.19370699999999999 0.8135 0 
v 0.202876 0.81765500000000002 0 
v 0.21276100000000001 0.81973600000000002 0 
v 0.223112 0.82025599999999999 0 
v 0.233738 0.81982999999999995 0 
v 0.24451400000000001 0.81898300000000002 0 
v 0.255357 0.81800399999999995 0 
v 0.266206 0.81691899999999995 0 
v 0.27699200000000002 0.815577 0 
v 0.28763100000000003 0.81374599999999997 0 
v 0.29801100000000003 0.81118000000000001 0 
v 0.30798900000000001 0.80763700000000005 0 
v 0.31737700000000002 0.80290300000000003 0 
v 0.325965 0.79682900000000001 0 
v 0.333563 0.78938399999999997 0 
v 0.34007700000000002 0.78067799999999998 0 
v 0.345586 0.77095199999999997 0 
v 0.35034799999999999 0.76052600000000004 0 
v 0.35473300000000002 0.74972399999999995 0 
v 0.35910399999999998 0.73881300000000005 0 
v 0.36370200000000003 0.72796099999999997 0 
v 0.36859700000000001 0.71723300000000001 0 
v 0.373695 0.70660500000000004 0 
v 0.37878899999999999 0.69600600000000001 0 
v 0.38361699999999999 0.68534799999999996 0 
v 0.38788 0.67456199999999999 0 
v 0.39123999999999998 0.66360699999999995 0 
v 0.39331899999999997 0.65246999999999999 0 
v 0.393735 0.64116499999999998 0 
v 0.39220500000000003 0.62972499999999998 0 
v 0.38863900000000001 0.61821000000000004 0 
v 0.38318799999999997 0.60671600000000003 0 
v 0.376164 0.59540199999999999 0 
v 0.36791099999999999 0.58451299999999995 0 
v 0.358684 0.57439200000000001 0 
v 0.34860999999999998 0.56544399999999995 0 
v 0.33774100000000001 0.55803700000000001 0 
v 0.326125 0.55237099999999995 0 
v 0.31386199999999997 0.54840199999999995 0 
v 0.30111500000000002 0.54587600000000003 0 
v 0.288078 0.54449800000000004 0 
v 0.27496199999999998 0.54411299999999996 0 
v 0.26198900000000003 0.54483300000000001 0 
v 0.24939600000000001 0.54701299999999997 0 
v 0.23743 0.55111500000000002 0 
v 0.22631699999999999 0.557508 0 
v 0.216225 0.56630499999999995 0 
v 0.20724999999999999 0.577318 0 
v 0.199432 0.59013599999999999 0 
v 0.19276599999999999 0.60426999999999997 0 
v 0.18718000000000001 0.61927500000000002 0 
v 0.1825 0.63480499999999995 0 
v 0.17845800000000001 0.65060499999999999 0 
v 0.17477999999999999 0.66649899999999995 0 
v 0.17133200000000001 0.68238399999999999 0 
v 0.16822599999999999 0.69822399999999996 0 
v 0.16578999999999999 0.71401599999999998 0 
v 0.16441500000000001 0.72972300000000001 0 
v 0.164384 0.74521499999999996 0 
v 0.165799 0.76022100000000004 0 
v 0.168651 0.77434700000000001 0 
v 0.57575299999999996 0.46514 0 
v 0.58563799999999999 0.45872499999999999 0 
v 0.59383799999999998 0.450957 0 
v 0.60060599999999997 0.44204100000000002 0 
v 0.60633700000000001 0.43229000000000001 0 
v 0.61145300000000002 0.42203299999999999 0 
v 0.61633199999999999 0.41155000000000003 0 
v 0.62126700000000001 0.40104099999999998 0 
v 0.62644100000000003 0.39063199999999998 0 
v 0.631915 0.38037700000000002 0 
v 0.63761800000000002 0.37027900000000002 0 
v 0.64334100000000005 0.36031200000000002 0 
v 0.64874500000000002 0.35045399999999999 0 
v 0.653389 0.34072599999999997 0 
v 0.65681 0.33121099999999998 0 
v 0.65863799999999995 0.32204700000000003 0 
v 0.65871900000000005 0.31337500000000001 0 
v 0.65717400000000004 0.30527799999999999 0 
v 0.65433799999999998 0.29773899999999998 0 
v 0.65063400000000005 0.29065000000000002 0 
v 0.64643799999999996 0.28386299999999998 0 
v 0.642011 0.27724599999999999 0 
v 0.63749999999999996 0.27071000000000001 0 
v 0.63297700000000001 0.26420199999999999 0 
v 0.62847699999999995 0.25769799999999998 0 
v 0.62400500000000003 0.25120199999999998 0 
v 0.61952499999999999 0.244754 0 
v 0.61494099999999996 0.23844599999999999 0 
v 0.61010699999999995 0.23242299999999999 0 
v 0.60486200000000001 0.22684799999999999 0 
v 0.59908899999999998 0.221861 0 
v 0.592754 0.21753400000000001 0 
v 0.58591099999999996 0.213865 0 
v 0.57866799999999996 0.21079300000000001 0 
v 0.57114100000000001 0.20824000000000001 0 
v 0.56342899999999996 0.20613600000000001 0 
v 0.55560100000000001 0.20443 0 
v 0.54770099999999999 0.203097 0 
v 0.53976100000000005 0.20213700000000001 0 
v 0.53181 0.20158300000000001 0 
v 0.523872 0.20150299999999999 0 
v 0.51597199999999999 0.20197399999999999 0 
v 0.508127 0.203044 0 
v 0.500359 0.20469300000000001 0 
v 0.49270399999999998 0.206839 0 
v 0.48524 0.20938499999999999 0 
v 0.478101 0.21229400000000001 0 
v 0.471447 0.21562100000000001 0 
v 0.46539999999999998 0.21945899999999999 0 
v 0.45997100000000002 0.22386 0 
v 0.45503199999999999 0.22877500000000001 0 
v 0.450374 0.23406099999999999 0 
v 0.445801 0.23955599999999999 0 
v 0.44121199999999999 0.24515000000000001 0 
v 0.43661899999999998 0.25081399999999998 0 
v 0.43210300000000001 0.25657400000000002 0 
v 0.42775400000000002 0.26246999999999998 0 
v 0.42363000000000001 0.26852799999999999 0 
v 0.41975099999999999 0.27474900000000002 0 
v 0.41611500000000001 0.28111799999999998 0 
v 0.41271400000000003 0.28761799999999998 0 
v 0.40954800000000002 0.29423300000000002 0 
v 0.40662300000000001 0.30095699999999997 0 
v 0.40394099999999999 0.30778100000000003 0 
v 0.40149099999999999 0.31469599999999998 0 
v 0.39923900000000001 0.321687 0 
v 0.39712700000000001 0.32873200000000002 0 
v 0.39507700000000001 0.33580500000000002 0 
v 0.39301000000000003 0.34288000000000002 0 
v 0.39086700000000002 0.349935 0 
v 0.38861499999999999 0.35695500000000002 0 
v 0.38623099999999999 0.36392400000000003 0 
v 0.38367800000000002 0.37081999999999998 0 
v 0.38090600000000002 0.37761299999999998 0 
v 0.377884 0.38428800000000002 0 
v 0.37468000000000001 0.39086900000000002 0 
v 0.37153399999999998 0.39744499999999999 0 
v 0.36889499999999997 0.404165 0 
v 0.36738900000000002 0.41119899999999998 0 
v 0.367699 0.41867799999999999 0 
v 0.37038700000000002 0.42663200000000001 0 
v 0.375726 0.43495099999999998 0 
v 0.38362299999999999 0.44341599999999998 0 
v 0.39367600000000003 0.45174399999999998 0 
v 0.40534599999999998 0.45963300000000001 0 
v 0.41813800000000001 0.46676200000000001 0 
v 0.43170999999999998 0.47278799999999999 0 
v 0.44587100000000002 0.47739500000000001 0 
v 0.46052199999999999 0.48038999999999998 0 
v 0.475574 0.48179499999999997 0 
v 0.49091099999999999 0.48184900000000003 0 
v 0.50637500000000002 0.48089399999999999 0 
v 0.52175300000000002 0.47922700000000001 0 
v 0.53676000000000001 0.47697000000000001 0 
v 0.55102899999999999 0.47403699999999999 0 
v 0.56414900000000001 0.47018599999999999 0 
v -0.70526800000000001 -0.78704700000000005 0 
v -0.62023700000000004 -0.38872299999999999 0 
v -0.73273100000000002 -0.76651999999999998 0 
v -0.64814099999999997 -0.45152199999999998 0 
v -0.74586699999999995 -0.75548499999999996 0 
v -0.71919500000000003 -0.77705500000000005 0 
v -0.58859499999999998 -0.59146600000000005 0 
v -0.64895099999999994 -0.46523300000000001 0 
v -0.56311999999999995 -0.84092299999999998 0 
v -0.54612000000000005 -0.84288099999999999 0 
v -0.52917199999999998 -0.84456600000000004 0 
v 0.070535500000000001 -0.422344 0 
v -0.59683200000000003 -0.83524200000000004 0 
v -0.61338300000000001 -0.83115099999999997 0 
v -0.216946 -0.99278500000000003 0 
v -0.82972299999999999 -0.64885000000000004 0 
v -0.52597700000000003 -0.35026200000000002 0 
v -0.82201500000000005 -0.66403100000000004 0 
v -0.83650100000000005 -0.63321499999999997 0 
v -0.46221099999999998 -0.37048300000000001 0 
v -0.84238000000000002 -0.61719199999999996 0 
v -0.77080499999999996 -0.73196099999999997 0 
v -0.500027 -0.35675499999999999 0 
v -0.56393700000000002 -0.61087999999999998 0 
v 0.28703800000000002 -0.91120000000000001 0 
v -0.550979 -0.62017999999999995 0 
v -0.16556799999999999 -0.99718600000000002 0 
v -0.81338299999999997 -0.678705 0 
v -0.59965900000000005 -0.58113999999999999 0 
v 0.31833299999999998 -0.136905 0 
v -0.758575 -0.74396600000000002 0 
v 0.62914199999999998 0.38548399999999999 0 
v -0.57657499999999995 -0.60132200000000002 0 
v -0.53785499999999997 -0.62902899999999995 0 
v -0.61132699999999995 -0.37803799999999999 0 
v -0.35750399999999999 -0.90619099999999997 0 
v -0.14308199999999999 -0.19630400000000001 0 
v 0.55100899999999997 0.60543100000000005 0 
v 0.86556599999999995 0.18564700000000001 0 
v -0.37427100000000002 -0.89395400000000003 0 
v -0.38284499999999999 -0.88812500000000005 0 
v -0.39158999999999999 -0.88255600000000001 0 
v -0.36583399999999999 -0.89999300000000004 0 
v -0.28260099999999999 -0.96228199999999997 0 
v 0.0076129099999999996 0.22800500000000001 0 
v 0.43254500000000001 0.76169200000000004 0 
v -0.291244 -0.95649399999999996 0 
v -0.29974800000000001 -0.95050000000000001 0 
v -0.015907000000000001 0.026872199999999999 0 
v 0.49898399999999998 0.64199899999999999 0 
v -0.31643100000000002 -0.93806500000000004 0 
v -0.32466299999999998 -0.93170299999999995 0 
v 0.60204500000000005 0.224274 0 
v 0.732483 -0.036031399999999998 0 
v -0.46847 -0.65202499999999997 0 
v 0.20785400000000001 0.096921499999999994 0 
v -0.452845 -0.85606199999999999 0 
v 0.60754399999999997 0.229569 0 
v -0.46615600000000001 -0.85295500000000002 0 
v -0.51098200000000005 -0.64364399999999999 0 
v -0.48065799999999997 -0.85030099999999997 0 
v -0.15529000000000001 -0.99583999999999995 0 
v -0.44059999999999999 -0.64667799999999998 0 
v 0.13816700000000001 -0.79945900000000003 0 
v -0.48283300000000001 -0.65132500000000004 0 
v -0.45427099999999998 -0.65051499999999995 0 
v -0.40055099999999999 -0.87728799999999996 0 
v -0.40979599999999999 -0.87234999999999996 0 
v 0.20774599999999999 0.81892699999999996 0 
v -0.42782399999999998 -0.64041300000000001 0 
v -0.38231500000000002 -0.56392600000000004 0 
v 0.29576599999999997 -0.91570099999999999 0 
v -0.39104299999999997 -0.59429600000000005 0 
v 0.74077499999999996 -0.032266599999999999 0 
v 0.631108 -0.182252 0 
v -0.37974799999999997 -0.54807899999999998 0 
v 0.096336500000000005 -0.42247099999999999 0 
v -0.86662700000000004 -0.48227799999999998 0 
v 0.38613199999999998 0.612452 0 
v -0.86323700000000003 -0.51652200000000004 0 
v 0.24274100000000001 -0.55269000000000001 0 
v -0.86101099999999997 -0.533586 0 
v -0.55691400000000002 0.0080536199999999992 0 
v -0.63778400000000002 -0.52023200000000003 0 
v -0.84741999999999995 -0.60085299999999997 0 
v -0.12273199999999999 -0.25145800000000001 0 
v 0.598383 -0.249893 0 
v -0.64122000000000001 -0.42508299999999999 0 
v 0.37532799999999999 0.86903200000000003 0 
v -0.64812999999999998 -0.47910900000000001 0 
v -0.86830200000000002 -0.43078899999999998 0 
v 0.64049599999999995 0.36528100000000002 0 
v -0.85623000000000005 -0.328571 0 
v -0.84499100000000005 -0.27818199999999998 0 
v -0.86829999999999996 -0.44795499999999999 0 
v 0.17119500000000001 0.35252699999999998 0 
v 0.83438199999999996 0.280696 0 
v -0.081690700000000005 -0.88519199999999998 0 
v -0.61817100000000003 -0.55851700000000004 0 
v -0.56590200000000002 -0.35103299999999998 0 
v -0.55267200000000005 -0.34903699999999999 0 
v 0.58729500000000001 -0.26517200000000002 0 
v -0.63534999999999997 -0.41246100000000002 0 
v -0.62827 -0.40029300000000001 0 
v -0.60953299999999999 -0.57017600000000002 0 
v 0.36702499999999999 -0.16564100000000001 0 
v 0.65119199999999999 0.34556999999999999 0 
v -0.40436699999999998 -0.39913599999999999 0 
v -0.395011 -0.40729100000000001 0 
v 0.62827699999999997 -0.191277 0 
v -0.437718 -0.38043500000000002 0 
v -0.44984200000000002 -0.37534499999999998 0 
v -0.42597699999999999 -0.38594800000000001 0 
v -0.41478700000000002 -0.39210299999999998 0 
v 0.35631000000000002 -0.16148699999999999 0 
v -0.37497900000000001 -0.49995200000000001 0 
v -0.37632599999999999 -0.51595899999999995 0 
v -0.37786399999999998 -0.53204300000000004 0 
v 0.83104 0.289188 0 
v -0.11107599999999999 -0.26738800000000001 0 
v 0.63360499999999997 -0.17311099999999999 0 
v 0.59293499999999999 -0.2576 0 
v -0.48732399999999998 -0.361097 0 
v -0.42396899999999998 -0.22353400000000001 0 
v 0.51260899999999998 0.62937500000000002 0 
v -0.43772800000000001 -0.21685699999999999 0 
v -0.51289099999999999 -0.35301700000000003 0 
v 0.17216500000000001 -0.22283 0 
v -0.45215300000000003 -0.209316 0 
v 0.31536199999999998 0.022639200000000002 0 
v -0.53927899999999995 -0.34884399999999999 0 
v -0.39979700000000001 -0.23420099999999999 0 
v -0.0095069500000000001 0.22576299999999999 0 
v -0.38950099999999999 -0.237762 0 
v 0.15854799999999999 -0.183503 0 
v -0.35547200000000001 -0.23737900000000001 0 
v -0.32982899999999998 -0.219308 0 
v -0.363292 -0.23948900000000001 0 
v 0.65793900000000005 0.32657599999999998 0 
v 0.85916199999999998 0.212122 0 
v -0.37352800000000003 -0.46876899999999999 0 
v 0.61321599999999998 -0.22581799999999999 0 
v -0.0770459 -0.45049600000000001 0 
v -0.186275 -0.99759399999999998 0 
v -0.23668400000000001 -0.98639500000000002 0 
v 0.194804 -0.44180599999999998 0 
v -0.19659499999999999 -0.99668800000000002 0 
v -0.62568100000000004 -0.54622499999999996 0 
v -0.20683199999999999 -0.99507199999999996 0 
v -0.145152 -0.99370599999999998 0 
v 0.0448671 -0.42447499999999999 0 
v -0.116373 -0.98228199999999999 0 
v -0.12560299999999999 -0.98695100000000002 0 
v -0.107655 -0.97674000000000005 0 
v -0.115395 -0.84184599999999998 0 
v -0.099197499999999994 -0.85730200000000001 0 
v -0.0862015 -0.95498000000000005 0 
v -0.13522799999999999 -0.99075299999999999 0 
v 0.083430400000000002 -0.42205999999999999 0 
v -0.20427899999999999 -0.80133500000000002 0 
v 0.115844 0.97391899999999998 0 
v -0.21079500000000001 -0.79344099999999995 0 
v 0.18835499999999999 0.99675999999999998 0 
v -0.169822 -0.78031799999999996 0 
v 0.40414899999999998 0.094294100000000006 0 
v -0.176147 -0.81147100000000005 0 
v -0.124518 -0.83518000000000003 0 
v -0.186613 -0.80807700000000005 0 
v 0.567303 0.20713599999999999 0 
v 0.699353 -0.050948899999999998 0 
v 0.49651400000000001 0.205711 0 
v 0.54373400000000005 0.202569 0 
v 0.054904099999999997 0.95131299999999996 0 
v -0.19627600000000001 -0.80477500000000002 0 
v -0.15126600000000001 -0.77974399999999999 0 
v 0.15218999999999999 0.98742099999999999 0 
v -0.226905 -0.98987599999999998 0 
v -0.077665100000000001 -0.93662800000000002 0 
v 0.37629499999999999 0.38758599999999999 0 
v -0.075554700000000002 -0.92662299999999997 0 
v -0.086471900000000004 -0.87536199999999997 0 
v -0.075826500000000005 -0.90582200000000002 0 
v -0.106919 -0.84922600000000004 0 
v -0.074950699999999995 -0.91629300000000002 0 
v -0.075876399999999997 -0.11402 0 
v -0.41126600000000002 -0.22936999999999999 0 
v 0.16303699999999999 -0.81503499999999995 0 
v 0.14851700000000001 -0.65638600000000002 0 
v -0.110328 -0.14502499999999999 0 
v 0.14676500000000001 -0.80420000000000003 0 
v 0.34485300000000002 0.064568399999999998 0 
v 0.11949 -0.79159900000000005 0 
v 0.013625099999999999 -0.78382600000000002 0 
v 0.129135 -0.79524799999999995 0 
v 0.19508900000000001 0.181231 0 
v 0.59279099999999996 0.58746200000000004 0 
v -0.027348799999999999 -0.784694 0 
v 0.033215799999999997 -0.78326700000000005 0 
v 0.020051200000000002 -0.664188 0 
v 0.36907600000000002 0.086971000000000007 0 
v -0.012056300000000001 -0.66199799999999998 0 
v 0.43651400000000001 -0.77409300000000003 0 
v 0.30306100000000002 0.80954499999999996 0 
v -0.0276619 -0.65954599999999997 0 
v -0.38706800000000002 -0.41679699999999997 0 
v 0.051691099999999997 -0.78302499999999997 0 
v -0.090038900000000005 -0.78267500000000001 0 
v -0.099586300000000003 -0.13375999999999999 0 
v 0.097185300000000002 -0.786107 0 
v 0.068646600000000002 -0.78334400000000004 0 
v 0.41110099999999999 0.290912 0 
v 0.085344600000000007 -0.66222000000000003 0 
v 0.036291700000000003 -0.66415999999999997 0 
v 0.46824900000000003 0.68496299999999999 0 
v 0.083819099999999994 -0.784362 0 
v 0.11796 -0.660331 0 
v -0.081246499999999999 -0.94613100000000006 0 
v -0.069224300000000002 -0.64550799999999997 0 
v -0.113082 -0.56268200000000002 0 
v -0.032039699999999997 -0.29835299999999998 0 
v -0.104791 -0.481159 0 
v -0.111758 -0.52657600000000004 0 
v -0.112677 -0.53863000000000005 0 
v -0.10927199999999999 -0.50288999999999995 0 
v -0.0867145 -0.456515 0 
v -0.102407 -0.60914599999999997 0 
v 0.68990300000000004 0.53844999999999998 0 
v -0.080147200000000002 -0.63818799999999998 0 
v -0.13138900000000001 -0.780227 0 
v 0.81503899999999996 0.33192100000000002 0 
v -0.10748000000000001 -0.49164099999999999 0 
v -0.069405999999999995 0.16251099999999999 0 
v 0.69712499999999999 0.53293800000000002 0 
v -0.017946500000000001 -0.43108600000000002 0 
v -0.10682899999999999 -0.59794099999999994 0 
v -0.110024 -0.58637499999999998 0 
v 0.46656399999999998 -0.81085099999999999 0 
v -0.13316 -0.23486399999999999 0 
v -0.12811700000000001 -0.24315899999999999 0 
v -0.13761799999999999 -0.22667899999999999 0 
v 0.031585000000000002 0.79928299999999997 0 
v -0.141129 -0.21868499999999999 0 
v -0.054484400000000002 -0.440581 0 
v -0.030250900000000001 -0.43341600000000002 0 
v -0.042455300000000001 -0.43659900000000001 0 
v -0.089399099999999995 -0.28613699999999997 0 
v -0.24804699999999999 0.32599400000000001 0 
v 0.44229800000000002 -0.78161400000000003 0 
v -0.097357399999999997 -0.28085500000000002 0 
v -0.113202 -0.550682 0 
v -0.055764500000000002 0.073406799999999994 0 
v 0.0194831 -0.42709799999999998 0 
v -0.37661600000000001 -0.44027500000000003 0 
v 0.057673500000000003 -0.42322399999999999 0 
v 0.00691911 -0.42824800000000002 0 
v -0.051975 -0.29741200000000001 0 
v 0.198185 0.81586000000000003 0 
v 0.056725400000000002 -0.30107499999999998 0 
v 0.13494600000000001 -0.42641899999999999 0 
v 0.18947600000000001 0.81054899999999996 0 
v 0.160135 -0.42995 0 
v 0.122117 -0.42488399999999998 0 
v 0.41765000000000002 0.79511100000000001 0 
v 0.094716400000000006 -0.30077799999999999 0 
v 0.085516200000000001 -0.301983 0 
v 0.26078499999999999 0.81748100000000001 0 
v 0.172235 -0.43261300000000003 0 
v -0.042018600000000003 -0.29820099999999999 0 
v 0.0077025699999999997 -0.29663499999999998 0 
v 0.037213700000000002 -0.29858499999999999 0 
v 0.33619599999999999 -0.15082899999999999 0 
v -0.022071899999999998 -0.29802600000000001 0 
v -0.00219944 -0.296902 0 
v -0.012124899999999999 -0.29745100000000002 0 
v -0.33285799999999999 -0.92529700000000004 0 
v 0.43512000000000001 -0.47964299999999999 0 
v 0.066430000000000003 -0.30197099999999999 0 
v 0.076053800000000005 -0.30233300000000002 0 
v 0.39363300000000001 -0.65157699999999996 0 
v 0.12817100000000001 -0.28797099999999998 0 
v 0.120227 -0.29200500000000001 0 
v 0.55165699999999995 0.20371700000000001 0 
v 0.13594400000000001 -0.283775 0 
v 0.143488 -0.27944999999999998 0 
v -0.0055570100000000002 -0.42946800000000002 0 
v -0.20733299999999999 -0.78918600000000005 0 
v -0.63219999999999998 -0.53342500000000004 0 
v -0.32575300000000001 -0.21259400000000001 0 
v -0.49706299999999998 -0.64849500000000004 0 
v -0.83204400000000001 -0.228183 0 
v -0.64588000000000001 -0.49298799999999998 0 
v -0.83652300000000002 -0.244807 0 
v -0.64238200000000001 -0.50672899999999998 0 
v -0.85942499999999999 -0.34547099999999997 0 
v -0.80108500000000005 -0.12968199999999999 0 
v -0.110621 -0.51461199999999996 0 
v -0.55180399999999996 -0.11233600000000001 0 
v -0.57863600000000004 -0.35495599999999999 0 
v -0.59055599999999997 -0.360848 0 
v -0.53153799999999995 -0.141399 0 
v -0.31857999999999997 -0.180782 0 
v -0.14458599999999999 0.33555299999999999 0 
v -0.31964199999999998 -0.18897900000000001 0 
v 0.408528 -0.55000000000000004 0 
v -0.50791699999999995 -0.16807 0 
v -0.31727300000000003 -0.17283999999999999 0 
v 0.41132800000000003 -0.54103000000000001 0 
v -0.31541799999999998 -0.16529099999999999 0 
v -0.112077 -0.57459499999999997 0 
v 0.394206 -0.66092899999999999 0 
v -0.320907 -0.19719600000000001 0 
v -0.82739700000000005 -0.21160599999999999 0 
v -0.78878400000000004 -0.097538100000000003 0 
v -0.78218500000000002 -0.081645300000000004 0 
v -0.79507899999999998 -0.113554 0 
v -0.47472300000000001 -0.36573 0 
v -0.066137299999999996 -0.44522800000000001 0 
v -0.76802800000000004 -0.050277299999999997 0 
v -0.53654100000000005 0.028825799999999999 0 
v -0.57272199999999995 -0.0147484 0 
v -0.57938800000000001 -0.040176400000000001 0 
v -0.75255000000000005 -0.019540700000000001 0 
v -0.117079 -0.25960499999999997 0 
v -0.56566700000000003 -0.0030366299999999998 0 
v -0.57745800000000003 -0.027133299999999999 0 
v -0.56065200000000004 -0.097420900000000005 0 
v -0.54705400000000004 0.018635700000000002 0 
v 0.17555399999999999 0.79288499999999995 0 
v -0.31291799999999997 -0.15815599999999999 0 
v -0.30987100000000001 -0.15135499999999999 0 
v -0.13769300000000001 -0.18257599999999999 0 
v 0.58432899999999999 0.59083200000000002 0 
v -0.133878 -0.17594000000000001 0 
v 0.36136600000000002 0.73337300000000005 0 
v -0.30647999999999997 -0.14475399999999999 0 
v -0.39776499999999998 -0.608263 0 
v 0.30275299999999999 -0.120444 0 
v -0.129658 -0.16943800000000001 0 
v -0.12041499999999999 -0.15689700000000001 0 
v -0.12515499999999999 -0.16308400000000001 0 
v -0.088182200000000002 -0.12325 0 
v -0.093979900000000005 -0.128385 0 
v -0.27061099999999999 -0.069825499999999999 0 
v 0.026684800000000002 -0.11283700000000001 0 
v -0.28537499999999999 -0.1055 0 
v -0.28892299999999999 -0.11203299999999999 0 
v -0.28179999999999999 -0.098968299999999995 0 
v -0.14429500000000001 -0.82393899999999998 0 
v 0.58993700000000004 0.45500099999999999 0 
v -0.134184 -0.82922200000000001 0 
v -0.080724699999999996 -0.29035499999999997 0 
v -0.28047299999999997 -0.0091216300000000004 0 
v -0.276227 -0.023418399999999999 0 
v -0.29242299999999999 -0.11859 0 
v -0.082157499999999994 -0.11843099999999999 0 
v 0.41908499999999999 -0.93747899999999995 0 
v 0.45439600000000002 -0.79626600000000003 0 
v -0.27003899999999997 -0.060323599999999998 0 
v -0.27082699999999998 -0.049373199999999999 0 
v -0.27238400000000001 -0.078099199999999994 0 
v -0.275059 -0.085491899999999996 0 
v -0.105032 -0.139317 0 
v -0.42381400000000002 0.094410300000000003 0 
v -0.71756200000000003 0.039708899999999998 0 
v -0.29861900000000002 0.033255399999999997 0 
v -0.68776199999999998 0.081859199999999993 0 
v 0.51901299999999995 -0.066670300000000002 0 
v -0.67714300000000005 0.095404100000000006 0 
v -0.50270499999999996 0.056720800000000002 0 
v 0.393432 -0.64221399999999995 0 
v -0.100661 -0.47173100000000001 0 
v -0.45127200000000001 0.084667900000000004 0 
v -0.47781299999999999 0.071860300000000002 0 
v 0.18187300000000001 0.80285399999999996 0 
v -0.43765100000000001 0.090144600000000005 0 
v -0.071475399999999994 -0.29357299999999997 0 
v -0.39537099999999997 0.096973400000000001 0 
v -0.46468599999999999 0.078503799999999999 0 
v 0.405441 -0.71601000000000004 0 
v 0.36611500000000002 0.72258100000000003 0 
v -0.66617700000000002 0.10867 0 
v -0.63121400000000005 0.146646 0 
v -0.59325899999999998 0.181643 0 
v -0.094669600000000007 -0.46352599999999999 0 
v -0.57997699999999996 0.19259799999999999 0 
v -0.055577799999999997 0.184724 0 
v 0.46083800000000003 -0.42936000000000002 0 
v -0.64320999999999995 0.13430500000000001 0 
v -0.52385000000000004 0.232462 0 
v 0.062281000000000003 0.22920599999999999 0 
v 0.100358 -0.00065519000000000005 0 
v -0.55250200000000005 0.21335699999999999 0 
v -0.46329199999999998 0.26522899999999999 0 
v 0.84436999999999995 0.25520599999999999 0 
v 0.39067200000000002 0.62397199999999997 0 
v -0.44756200000000002 0.27226699999999998 0 
v 0.40350799999999998 -0.56809799999999999 0 
v -0.399256 0.29074899999999998 0 
v -0.30683899999999997 0.045917199999999998 0 
v -0.14332500000000001 -0.21094499999999999 0 
v -0.29158600000000001 0.0196502 0 
v -0.33935199999999999 0.076675900000000005 0 
v -0.32722600000000002 0.067708299999999999 0 
v -0.071169399999999994 0.15440899999999999 0 
v -0.31636300000000001 0.057438500000000003 0 
v -0.285582 0.0053940400000000001 0 
v 0.62381799999999998 0.39581899999999998 0 
v 0.64520699999999997 -0.117385 0 
v -0.064207 0.109546 0 
v -0.066170699999999999 0.118856 0 
v -0.0434656 0.19906399999999999 0 
v 0.86878 0.158689 0 
v -0.068261100000000005 0.12805900000000001 0 
v -0.071297600000000003 0.14591100000000001 0 
v -0.348055 -0.23423099999999999 0 
v -0.070145899999999997 0.137099 0 
v -0.104557 -0.27455200000000002 0 
v -0.062431500000000001 0.100203 0 
v -0.058558499999999999 0.081958100000000006 0 
v 0.27749200000000002 -0.075997800000000004 0 
v -0.34965099999999999 0.30557899999999999 0 
v -0.31606899999999999 0.31366899999999998 0 
v 0.0592373 -8.56185e-05 0 
v -0.28218100000000002 0.32045299999999999 0 
v -0.26514100000000002 0.323376 0 
v -0.19648199999999999 0.33206000000000002 0 
v -0.36630299999999999 0.30101299999999998 0 
v -0.295904 -0.12515599999999999 0 
v -0.230902 0.32831199999999999 0 
v -0.161915 0.33466299999999999 0 
v -0.061211300000000003 0.17754700000000001 0 
v -0.065984699999999993 0.17019699999999999 0 
v -0.10985 0.33654099999999998 0 
v -0.031093099999999999 0.212697 0 
v 0.40261400000000003 -0.70703800000000006 0 
v -0.048118399999999999 -0.102284 0 
v -0.65486599999999995 0.121642 0 
v 0.023815599999999999 0.00763242 0 
v -0.0330523 -0.10044500000000001 0 
v -0.010097200000000001 -0.101565 0 
v 0.42858400000000002 -0.93550800000000001 0 
v -0.0025321200000000001 -0.10288700000000001 0 
v 0.032591200000000001 0.0052278300000000002 0 
v 0.14765600000000001 -0.428033 0 
v 0.033709900000000001 -0.116232 0 
v -0.00118026 0.017409600000000001 0 
v 0.015199900000000001 0.010411200000000001 0 
v 0.0068335000000000002 0.013636499999999999 0 
v 0.59737799999999996 0.44662400000000002 0 
v 0.63474799999999998 0.37530999999999998 0 
v -0.0356408 0.044719500000000002 0 
v -0.041736799999999998 0.051214299999999997 0 
v -0.047294000000000003 0.058066899999999998 0 
v -0.037352999999999997 0.20611499999999999 0 
v 0.39413100000000001 -0.62350499999999998 0 
v -0.0292597 0.038469799999999998 0 
v -0.092380299999999999 -0.96306800000000004 0 
v 0.025822299999999999 0.227849 0 
v 0.044217899999999997 0.22794800000000001 0 
v 0.035034099999999999 0.227767 0 
v 0.0533176 0.22844700000000001 0 
v -0.022699 0.032477100000000002 0 
v 0.047744799999999997 -0.123364 0 
v -0.062497700000000003 -0.10681400000000001 0 
v 0.42766399999999999 -0.49693300000000001 0 
v 0.093949299999999999 -0.141487 0 
v 0.39617000000000002 -0.60487999999999997 0 
v 0.078156100000000006 -0.135662 0 
v 0.062482799999999998 -0.129916 0 
v 0.38583899999999999 0.67997399999999997 0 
v 0.076568600000000001 -0.0021644400000000001 0 
v 0.050362900000000002 0.00139587 0 
v 0.040694300000000003 -0.119797 0 
v 0.101632 -0.14468500000000001 0 
v 0.13830000000000001 -0.16631299999999999 0 
v 0.134882 0.21726699999999999 0 
v 0.116479 -0.152141 0 
v 0.123752 -0.15651300000000001 0 
v 0.131022 -0.16126299999999999 0 
v -0.061835500000000002 -0.29589399999999999 0 
v 0.21939400000000001 -0.60190999999999995 0 
v 0.086099599999999998 -0.13850999999999999 0 
v 0.27573199999999998 -0.0674043 0 
v 0.163741 -0.19026199999999999 0 
v 0.107572 0.0019530800000000001 0 
v 0.068002599999999996 -0.0012936499999999999 0 
v 0.35314899999999999 0.89807599999999999 0 
v 0.017575500000000001 -0.29681999999999997 0 
v 0.37937500000000002 0.43918200000000002 0 
v 0.12768299999999999 0.015262400000000001 0 
v 0.140704 0.0257959 0 
v 0.147262 0.030973000000000001 0 
v 0.13417899999999999 0.0205346 0 
v 0.345248 0.90734999999999999 0 
v 0.116547 0.32786500000000002 0 
v 0.46052599999999999 -0.80352900000000005 0 
v 0.16534699999999999 0.205036 0 
v 0.046982900000000001 -0.29986200000000002 0 
v 0.12114900000000001 0.0101966 0 
v 0.17252899999999999 0.201516 0 
v 0.079618599999999998 0.23064100000000001 0 
v -0.005143 0.33361099999999999 0 
v 0.012371800000000001 0.33243499999999998 0 
v 0.85070800000000002 0.23810200000000001 0 
v 0.0166503 0.22802500000000001 0 
v -0.040119700000000001 0.33546799999999999 0 
v -0.057581100000000003 0.336094 0 
v 0.14611299999999999 0.98521800000000004 0 
v 0.050065699999999998 0.94853600000000005 0 
v 0.16422100000000001 0.73751 0 
v 0.37307699999999999 0.39415 0 
v 0.054832499999999999 0.67153300000000005 0 
v 0.203927 0.15915199999999999 0 
v 0.047762899999999997 0.70789899999999994 0 
v 0.044513400000000002 0.72616899999999995 0 
v 0.051144700000000001 0.68967199999999995 0 
v 0.43891200000000002 0.247973 0 
v 0.065063300000000004 0.956063 0 
v 0.16920399999999999 -0.248806 0 
v 0.075696100000000002 0.96001899999999996 0 
v 0.0233533 0.86989799999999995 0 
v 0.027661399999999999 0.91996999999999995 0 
v 0.850692 0.070732900000000001 0 
v 0.025518099999999998 0.91059900000000005 0 
v 0.57589900000000005 0.59427399999999997 0 
v 0.034752199999999997 0.78101900000000002 0 
v 0.030331799999999999 0.92739199999999999 0 
v 0.0334804 0.93326200000000004 0 
v 0.037079300000000003 0.93800799999999995 0 
v 0.041087199999999997 0.94198899999999997 0 
v 0.43099799999999999 -0.76638300000000004 0 
v 0.372722 0.430757 0 
v 0.045440000000000001 0.94545100000000004 0 
v 0.307537 0.54697799999999996 0 
v 0.041279200000000002 0.74445300000000003 0 
v 0.438724 0.47528500000000001 0 
v 0.076339799999999999 0.60114299999999998 0 
v 0.0240001 0.89905100000000004 0 
v 0.047441900000000002 0.32979599999999998 0 
v 0.39499600000000001 -0.614178 0 
v -0.024468299999999998 0.21838099999999999 0 
v 0.182536 0.99581799999999998 0 
v 0.24875700000000001 0.98729699999999998 0 
v 0.47877799999999998 0.071016300000000004 0 
v 0.064968100000000001 0.328511 0 
v 0.092452300000000001 0.56806000000000001 0 
v 0.103959 0.22834499999999999 0 
v 0.111749 0.22603999999999999 0 
v 0.096042699999999995 0.22994100000000001 0 
v 0.217892 0.82015300000000002 0 
v 0.099691799999999997 0.32711699999999999 0 
v 0.11947199999999999 0.223273 0 
v 0.53400899999999996 -0.033220899999999998 0 
v 0.13220000000000001 0.50569900000000001 0 
v 0.234184 0.99268400000000001 0 
v 0.19397400000000001 0.99746699999999999 0 
v 0.070330699999999996 0.95811100000000005 0 
v 0.081149100000000002 0.96185699999999996 0 
v 0.85430200000000001 0.079053100000000001 0 
v 0.086691000000000004 0.96369300000000002 0 
v -0.049561899999999999 0.191884 0 
v 0.092330599999999999 0.96557800000000005 0 
v 0.109851 0.97172700000000001 0 
v 0.17027600000000001 -0.20563500000000001 0 
v 0.121875 0.97615300000000005 0 
v 0.46610099999999999 -0.14411399999999999 0 
v 0.16494800000000001 0.721885 0 
v 0.12792600000000001 0.97841199999999995 0 
v 0.13398399999999999 0.98068599999999995 0 
v 0.140046 0.98296099999999997 0 
v 0.43734499999999998 0.750475 0 
v 0.35256300000000002 0.75515399999999999 0 
v 0.083957400000000001 0.58440000000000003 0 
v 0.46563199999999999 -0.42125299999999999 0 
v 0.264685 0.97903300000000004 0 
v 0.157888 0.20824200000000001 0 
v -0.49617899999999998 -0.84808600000000001 0 
v 0.0414594 0.0031579400000000001 0 
v 0.20811299999999999 -0.85297299999999998 0 
v 0.20075100000000001 -0.84644600000000003 0 
v 0.155033 -0.80941700000000005 0 
v 0.193379 -0.83993499999999999 0 
v 0.18595999999999999 -0.833484 0 
v 0.18399299999999999 -0.64249400000000001 0 
v 0.462613 0.22159000000000001 0 
v -0.052025599999999998 0.0654333 0 
v 0.17380599999999999 -0.64832400000000001 0 
v 0.58091400000000004 0.46210699999999999 0 
v 0.278472 -0.90639000000000003 0 
v -0.14397499999999999 -0.203487 0 
v 0.27007100000000001 -0.90129199999999998 0 
v 0.26183699999999999 -0.89592700000000003 0 
v 0.24585699999999999 -0.88448000000000004 0 
v 0.145486 -0.17164599999999999 0 
v 0.25376799999999999 -0.890316 0 
v 0.238093 -0.87844800000000001 0 
v 0.029902399999999999 0.33114199999999999 0 
v 0.41234799999999999 -0.73352700000000004 0 
v 0.32874100000000001 0.92523500000000003 0 
v 0.192777 -0.63563099999999995 0 
v 0.200493 -0.62797199999999997 0 
v 0.20741999999999999 -0.619726 0 
v 0.17083000000000001 -0.82096999999999998 0 
v 0.23380799999999999 -0.57271700000000003 0 
v 0.224547 -0.59243500000000004 0 
v 0.23303199999999999 -0.47427900000000001 0 
v 0.43787500000000001 -0.93283099999999997 0 
v 0.22928699999999999 -0.58266799999999996 0 
v 0.77954599999999996 0.425759 0 
v 0.238284 -0.56269599999999997 0 
v 0.24696799999999999 -0.54273199999999999 0 
v 0.27902399999999999 -0.0280141 0 
v 0.64424199999999998 0.28054000000000001 0 
v 0.2505 -0.53281000000000001 0 
v 0.83764400000000006 0.046908600000000002 0 
v 0.25271900000000003 -0.52290300000000001 0 
v 0.38996399999999998 -0.93961700000000004 0 
v 0.37046400000000002 -0.93830000000000002 0 
v 0.35115400000000002 -0.93509900000000001 0 
v -0.416271 -0.63174399999999997 0 
v 0.36077500000000001 -0.936921 0 
v 0.32287100000000002 -0.92713999999999996 0 
v 0.34161799999999998 -0.93285399999999996 0 
v 0.31369000000000002 -0.92369299999999999 0 
v 0.399725 -0.93949000000000005 0 
v 0.059913099999999997 0.95381199999999999 0 
v 0.40018199999999998 -0.69795600000000002 0 
v 0.38020199999999998 -0.93920899999999996 0 
v 0.44215300000000002 0.73926400000000003 0 
v 0.023241100000000001 0.88537500000000002 0 
v 0.57493300000000003 0.209457 0 
v 0.39360200000000001 -0.63285400000000003 0 
v 0.443214 0.0802369 0 
v 0.10392 0.96959600000000001 0 
v 0.39934799999999998 -0.58639799999999997 0 
v 0.457453 0.22626099999999999 0 
v 0.39762799999999998 -0.59561799999999998 0 
v 0.521262 0.0360066 0 
v 0.098074700000000001 0.96754300000000004 0 
v 0.51991600000000004 0.20166600000000001 0 
v 0.40591699999999997 -0.55902300000000005 0 
v 0.48931400000000003 0.065020800000000004 0 
v 0.40131299999999998 -0.57722399999999996 0 
v 0.41430400000000001 -0.53211299999999995 0 
v -0.040644899999999998 -0.10106 0 
v 0.41743799999999998 -0.52324499999999996 0 
v 0.42566199999999998 0.26547799999999999 0 
v 0.39645599999999998 -0.67954899999999996 0 
v 0.156967 -0.26960299999999998 0 
v 0.019557399999999999 -0.109734 0 
v 0.15059700000000001 -0.27482200000000001 0 
v 0.46834399999999998 0.21747 0 
v 0.17097499999999999 -0.24041899999999999 0 
v 0.142591 0.21426700000000001 0 
v 0.17169000000000001 -0.214083 0 
v 0.20520099999999999 -0.44855200000000001 0 
v 0.38915 -0.17147100000000001 0 
v 0.15027599999999999 0.211282 0 
v 0.78327100000000005 0.41743999999999998 0 
v 0.109237 -0.423489 0 
v 0.207839 0.14313300000000001 0 
v 0.66974400000000001 -0.070644899999999997 0 
v 0.28038200000000002 -0.0847744 0 
v 0.28447699999999998 -0.093697699999999995 0 
v 0.16767299999999999 -0.197655 0 
v 0.17191300000000001 -0.23168 0 
v 0.112057 -0.29565900000000001 0 
v 0.23046 -0.87224699999999999 0 
v 0.17794299999999999 0.058773400000000003 0 
v 0.17220199999999999 0.052751800000000001 0 
v 0.101738 -0.66139599999999998 0 
v 0.213703 -0.61102100000000004 0 
v 0.18359500000000001 0.064909099999999997 0 
v 0.18918199999999999 0.071088200000000004 0 
v 0.194629 0.077306700000000006 0 
v 0.64857799999999999 0.28722799999999998 0 
v 0.20425599999999999 0.090133199999999997 0 
v 0.16015099999999999 0.041415300000000002 0 
v 0.16228699999999999 -0.26355299999999998 0 
v 0.79674299999999998 0.38353599999999999 0 
v 0.274841 -0.050814900000000003 0 
v 0.14749799999999999 0.335092 0 
v 0.27544999999999997 -0.042874299999999997 0 
v 0.15378 0.0361321 0 
v 0.79986199999999996 0.37495899999999999 0 
v 0.28607700000000003 -0.0146693 0 
v 0.736236 0.495008 0 
v 0.27680500000000002 -0.035252499999999999 0 
v 0.27491100000000002 -0.059005299999999997 0 
v 0.290576 -0.0083779600000000003 0 
v 0.463592 -0.92022400000000004 0 
v 0.28969499999999998 -0.10269300000000001 0 
v 0.32038899999999998 0.028706499999999999 0 
v 0.32527600000000001 0.034718899999999997 0 
v 0.31031999999999998 0.016488800000000001 0 
v 0.37801000000000001 -0.16902400000000001 0 
v 0.31026300000000001 -0.128915 0 
v 0.345997 -0.15656800000000001 0 
v 0.39813300000000001 -0.68878700000000004 0 
v 0.32697100000000001 -0.14425299999999999 0 
v -0.0011582299999999999 0.22739200000000001 0 
v 0.32985399999999998 0.040733800000000001 0 
v -0.154748 -0.819276 0 
v 0.33774500000000002 0.052861999999999999 0 
v 0.25303799999999999 -0.51300699999999999 0 
v 0.16197800000000001 -0.65295700000000001 0 
v 0.33400400000000002 0.046790499999999999 0 
v 0.34126400000000001 0.058839500000000003 0 
v 0.67646600000000001 -0.064927799999999994 0 
v 0.35320800000000002 0.0748109 0 
v 0.35812500000000003 0.079268000000000005 0 
v 0.027413 -0.29750199999999999 0 
v 0.38087900000000002 0.092750799999999994 0 
v 0.70752099999999996 -0.047051299999999997 0 
v 0.42014000000000001 0.087631500000000001 0 
v 0.50735399999999997 -0.091032299999999997 0 
v 0.21084 0.12706600000000001 0 
v 0.39282899999999998 0.095485 0 
v 0.15234600000000001 -0.17733399999999999 0 
v 0.38688800000000001 0.0945796 0 
v 0.414798 0.090092000000000005 0 
v 0.032133700000000001 -0.42583199999999999 0 
v 0.34878500000000001 0.069913699999999995 0 
v 0.400362 -0.17266000000000001 0 
v 0.42071500000000001 -0.51442699999999997 0 
v 0.178457 -0.82714299999999996 0 
v 0.44687399999999999 -0.92940400000000001 0 
v 0.45548499999999997 -0.92520400000000003 0 
v 0.420927 -0.75034900000000004 0 
v 0.42579099999999998 -0.75846800000000003 0 
v 0.51716899999999999 0.0405323 0 
v 0.47105200000000003 -0.91448399999999996 0 
v 0.48333599999999999 -0.90089300000000005 0 
v 0.47769499999999998 -0.908022 0 
v 0.44928400000000002 0.078997899999999996 0 
v 0.40944700000000001 -0.93879100000000004 0 
v -0.017730099999999999 -0.100727 0 
v 0.44828600000000002 -0.78898599999999997 0 
v -0.115464 -0.15088099999999999 0 
v -0.30294700000000002 -0.13823099999999999 0 
v 0.38744099999999998 0.36044700000000002 0 
v 0.44732300000000003 -0.45416899999999999 0 
v 0.44311099999999998 -0.46259099999999997 0 
v 0.37491099999999999 0.090158199999999994 0 
v 0.43904500000000002 -0.471084 0 
v 0.39859899999999998 0.095377199999999995 0 
v 0.43132799999999999 -0.488261 0 
v 0.45168199999999997 -0.44582100000000002 0 
v 0.45618700000000001 -0.43755100000000002 0 
v 0.47565099999999999 -0.40529900000000002 0 
v 0.48622599999999999 -0.38970500000000002 0 
v 0.48087200000000002 -0.397457 0 
v -0.089258100000000007 -0.62954299999999996 0 
v 0.455702 -0.15243200000000001 0 
v 0.405252 0.30435699999999999 0 
v 0.497309 -0.37446000000000002 0 
v 0.49170900000000001 -0.38204100000000002 0 
v 0.30465199999999998 -0.91987300000000005 0 
v 0.24069099999999999 -0.48372999999999999 0 
v 0.49096600000000001 -0.88498600000000005 0 
v 0.492761 -0.87645600000000001 0 
v -0.24626500000000001 -0.98239500000000002 0 
v 0.49318600000000001 -0.86774499999999999 0 
v 0.0049416599999999996 -0.10470599999999999 0 
v 0.48691600000000002 -0.84198300000000004 0 
v 0.80595300000000003 0.35775099999999999 0 
v 0.49015500000000001 -0.85039200000000004 0 
v 0.492288 -0.85901099999999997 0 
v 0.48780299999999999 -0.89317800000000003 0 
v 0.103571 -0.298651 0 
v 0.53278899999999996 -0.33038000000000001 0 
v 0.52068099999999995 -0.34485700000000002 0 
v 0.53890800000000005 -0.32319199999999998 0 
v 0.114477 0.0056508900000000004 0 
v 0.47238200000000002 -0.81830400000000003 0 
v 0.56348600000000004 -0.29450599999999999 0 
v 0.52670899999999998 -0.33759800000000001 0 
v 0.57557999999999998 -0.27999000000000002 0 
v 0.44493500000000002 -0.15970599999999999 0 
v 0.55120899999999995 -0.30886400000000003 0 
v 0.60360499999999995 -0.242036 0 
v 0.070238999999999996 -0.13284199999999999 0 
v 0.52729599999999999 0.61870800000000004 0 
v 0.60856100000000002 -0.234014 0 
v 0.47783300000000001 -0.82594900000000004 0 
v 0.62149600000000005 -0.20888699999999999 0 
v 0.53501200000000004 0.61397000000000002 0 
v 0.62507699999999999 -0.20016100000000001 0 
v 0.48274299999999998 -0.83383300000000005 0 
v 0.054981700000000001 -0.12676699999999999 0 
v 0.63581500000000002 -0.163878 0 
v 0.63963499999999995 -0.14524000000000001 0 
v 0.63780099999999995 -0.15457899999999999 0 
v 0.66369 -0.076979199999999998 0 
v 0.617537 -0.217441 0 
v 0.56956700000000005 -0.28727599999999998 0 
v 0.336955 0.78517599999999999 0 
v 0.64140399999999997 -0.13589399999999999 0 
v -0.385965 -0.57940999999999998 0 
v 0.52443899999999999 -0.0548207 0 
v 0.51336000000000004 -0.078846700000000006 0 
v 0.30531000000000003 0.010274200000000001 0 
v 0.52954500000000004 -0.0435923 0 
v 0.29539100000000001 -0.0021689399999999998 0 
v 0.53941799999999995 -0.0155269 0 
v 0.53936399999999995 -0.00152586 0 
v 0.53791299999999997 0.0045684999999999996 0 
v 0.53999299999999995 -0.0081476599999999993 0 
v 0.53598199999999996 0.010331 0 
v 0.76508100000000001 -0.019864900000000001 0 
v 0.48509400000000003 -0.124991 0 
v 0.53375099999999998 0.015874900000000001 0 
v 0.46736699999999998 0.075093800000000002 0 
v 0.47317199999999998 0.073281700000000005 0 
v 0.79521299999999995 0.00030618399999999998 0 
v 0.46141399999999999 0.076558699999999993 0 
v 0.43133700000000003 0.083320699999999998 0 
v 0.40951199999999999 0.092427999999999996 0 
v 0.43721199999999999 0.081644900000000006 0 
v 0.45536799999999999 0.077813900000000005 0 
v 0.52500999999999998 0.031300799999999997 0 
v 0.41643599999999997 -0.74203200000000002 0 
v 0.51283500000000004 0.044924899999999997 0 
v 0.52833600000000003 0.026377899999999999 0 
v 0.49427199999999999 0.061402900000000003 0 
v 0.50375899999999996 0.053422200000000003 0 
v -0.060660600000000002 0.090951099999999993 0 
v 0.49907400000000002 0.057505000000000001 0 
v 0.50834900000000005 0.049219300000000001 0 
v 0.48415799999999998 0.0682532 0 
v 0.38876899999999998 0.84871200000000002 0 
v 0.408055 0.29758200000000001 0 
v 0.65042100000000003 -0.099742600000000001 0 
v 0.38975599999999999 0.35345100000000002 0 
v -0.27829599999999999 -0.092356400000000005 0 
v 0.64754599999999995 -0.10839500000000001 0 
v -0.025396599999999998 -0.100352 0 
v -0.29940600000000001 -0.13170699999999999 0 
v 0.53740699999999997 -0.023854500000000001 0 
v 0.36345 0.083319900000000002 0 
v 0.65400800000000003 -0.091560699999999995 0 
v 0.69138699999999997 -0.055155799999999998 0 
v 0.72414699999999999 -0.039697499999999997 0 
v 0.71580900000000003 -0.043339200000000001 0 
v -0.33502300000000002 -0.22517599999999999 0 
v 0.36871999999999999 0.422599 0 
v 0.084850999999999996 -0.0025228899999999999 0 
v 0.10913 -0.148206 0 
v 0.68372200000000005 -0.059785699999999997 0 
v 0.166293 0.046944899999999998 0 
v 0.78799300000000005 -0.0051680500000000004 0 
v 0.75281600000000004 0.473331 0 
v 0.80889100000000003 0.012149200000000001 0 
v 0.81530000000000002 0.018523899999999999 0 
v 0.80218699999999998 0.0060773399999999997 0 
v -0.0087622700000000008 0.021817799999999998 0 
v 0.82139399999999996 0.025199300000000001 0 
v 0.84235800000000005 0.0546419 0 
v 0.83257400000000004 0.039409699999999999 0 
v 0.78054900000000005 -0.0103499 0 
v 0.86041800000000002 0.096142099999999994 0 
v 0.86291799999999996 0.10487 0 
v 0.85754399999999997 0.087529800000000005 0 
v 0.77290499999999995 -0.015245699999999999 0 
v 0.62623899999999999 0.25444800000000001 0 
v 0.42563899999999999 0.085324300000000006 0 
v -0.12723000000000001 0.33617799999999998 0 
v 0.86502199999999996 0.11369600000000001 0 
v 0.185364 0.19285099999999999 0 
v 0.13264200000000001 0.33033899999999999 0 
v 0.183417 0.37926300000000002 0 
v 0.25375300000000001 0.98504999999999998 0 
v 0.25900099999999998 0.98235600000000001 0 
v 0.82715499999999997 0.032166500000000001 0 
v 0.20949999999999999 0.135074 0 
v 0.087942199999999998 0.23068900000000001 0 
v 0.41790300000000002 0.277916 0 
v 0.793547 0.39208300000000001 0 
v 0.19867099999999999 0.174342 0 
v 0.082424999999999998 0.32750000000000001 0 
v 0.20319499999999999 0.58353200000000005 0 
v 0.17777299999999999 0.42730200000000002 0 
v 0.182534 0.41097099999999998 0 
v 0.22933200000000001 0.99421700000000002 0 
v 0.19595799999999999 0.59706800000000004 0 
v 0.17658699999999999 0.65854800000000002 0 
v 0.18984599999999999 0.61168800000000001 0 
v 0.17302699999999999 0.67444599999999999 0 
v -0.078106700000000001 -0.89539599999999997 0 
v 0.23175499999999999 0.55401100000000003 0 
v 0.255629 0.54571199999999997 0 
v 0.24331900000000001 0.54879599999999995 0 
v 0.26844299999999999 0.54431700000000005 0 
v 0.28151700000000002 0.54418100000000003 0 
v 0.395148 -0.67025800000000002 0 
v 0.85652300000000003 0.220833 0 
v 0.221136 0.56161099999999997 0 
v 0.29461900000000002 0.54505899999999996 0 
v 0.184555 0.39479900000000001 0 
v 0.21030199999999999 0.104037 0 
v 0.162328 0.45938899999999999 0 
v 0.39195099999999999 0.34641100000000002 0 
v 0.38497900000000002 0.36738300000000002 0 
v 0.092789099999999999 -0.0021049799999999998 0 
v 0.37942599999999999 0.380965 0 
v 0.39405000000000001 0.33934399999999998 0 
v 0.38232300000000002 0.37423099999999998 0 
v 0.74753099999999995 0.48073900000000003 0 
v 0.20155200000000001 0.16692299999999999 0 
v 0.414385 0.28435300000000002 0 
v 0.38969599999999999 0.66910700000000001 0 
v 0.39610000000000001 0.33226699999999998 0 
v 0.39246399999999998 0.65806100000000001 0 
v 0.400343 0.31818299999999999 0 
v 0.40268799999999999 0.311228 0 
v 0.39817000000000002 0.32520500000000002 0 
v 0.108959 -0.78853799999999996 0 
v 0.28214899999999998 -0.0211738 0 
v 0.84670999999999996 0.062589500000000006 0 
v 0.37011500000000003 0.40077600000000002 0 
v 0.36727700000000002 0.41487800000000002 0 
v 0.33202199999999998 0.554983 0 
v 0.35374899999999998 0.56974599999999997 0 
v 0.399343 0.45576299999999997 0 
v 0.54292899999999999 0.60956100000000002 0 
v 0.024364500000000001 0.85310900000000001 0 
v 0.42484100000000002 0.46993400000000002 0 
v 0.36340800000000001 0.57933199999999996 0 
v -0.32283000000000001 -0.205155 0 
v 0.41162799999999999 0.463314 0 
v -0.41944399999999998 -0.86775199999999997 0 
v 0.21151900000000001 0.111472 0 
v 0.60894599999999999 0.427205 0 
v 0.36795800000000001 0.40763199999999999 0 
v 0.34327299999999999 0.56152999999999997 0 
v 0.86157700000000004 0.20335600000000001 0 
v -0.26481700000000002 -0.97305200000000003 0 
v 0.16972000000000001 0.69030999999999998 0 
v -0.17591599999999999 -0.99776500000000001 0 
v 0.63488 0.57013000000000003 0 
v 0.64321600000000001 -0.126585 0 
v 0.24993099999999999 0.81850299999999998 0 
v 0.40868199999999999 -0.72484700000000002 0 
v -0.25564199999999998 -0.97792999999999997 0 
v 0.22839999999999999 0.82012399999999996 0 
v 0.23911299999999999 0.819434 0 
v 0.41159299999999999 -0.17221400000000001 0 
v 0.27161200000000002 0.81629399999999996 0 
v 0.86897199999999997 0.149643 0 
v 0.27801500000000001 0.96991799999999995 0 
v 0.205984 0.15118500000000001 0 
v 0.15828300000000001 0.98952099999999998 0 
v 0.28233599999999998 0.81473799999999996 0 
v 0.18381700000000001 -0.43647999999999998 0 
v 0.270986 0.97492100000000004 0 
v 0.17049500000000001 0.99317100000000003 0 
v 0.16438900000000001 0.99145700000000003 0 
v 0.36080099999999998 0.88859399999999999 0 
v 0.20460200000000001 0.99813600000000002 0 
v 0.209677 0.99801700000000004 0 
v 0.199382 0.99793699999999996 0 
v 0.176562 0.99462700000000004 0 
v 0.23902799999999999 0.991031 0 
v 0.21465699999999999 0.99754399999999999 0 
v 0.39375599999999999 0.646837 0 
v 0.219578 0.99671799999999999 0 
v 0.33710800000000002 0.916408 0 
v 0.224465 0.99558500000000005 0 
v 0.24387400000000001 0.98925399999999997 0 
v 0.17060400000000001 0.78093699999999999 0 
v 0.42274800000000001 0.78403400000000001 0 
v 0.42769699999999999 0.77288699999999999 0 
v 0.329897 0.79327400000000003 0 
v -0.099596799999999999 -0.97033100000000005 0 
v 0.211613 0.119174 0 
v 0.34803800000000001 0.76580599999999999 0 
v 0.342945 0.77592399999999995 0 
v 0.368197 0.878911 0 
v 0.38125500000000001 0.690689 0 
v 0.37625799999999998 0.70130800000000004 0 
v 0.40685399999999999 0.81696299999999999 0 
v 0.41236400000000001 0.80609399999999998 0 
v 0.65842299999999998 -0.083954000000000001 0 
v 0.37113200000000002 0.71191000000000004 0 
v -0.429678 -0.86349500000000001 0 
v 0.32017200000000001 0.93380700000000005 0 
v 0.31276900000000002 0.80542999999999998 0 
v 0.49337399999999998 -0.114298 0 
v 0.31145400000000001 0.942075 0 
v 0.28575200000000001 0.96402200000000005 0 
v 0.30269099999999999 0.94995399999999997 0 
v 0.29404999999999998 0.95731999999999995 0 
v 0.29286200000000001 0.81257000000000001 0 
v 0.382187 0.85896300000000003 0 
v 0.071059899999999995 0.23003699999999999 0 
v -0.140873 -0.18935099999999999 0 
v 0.50301799999999997 -0.36695899999999998 0 
v -0.30813499999999999 -0.94434399999999996 0 
v 0.32178400000000001 0.80003899999999994 0 
v 0.35690100000000002 0.74426899999999996 0 
v 0.29585299999999998 -0.111653 0 
v 0.40109499999999998 0.82769999999999999 0 
v -0.38015300000000002 -0.239839 0 
v 0.17926400000000001 0.19750899999999999 0 
v 0.45268199999999997 0.231382 0 
v 0.48161999999999999 0.21079300000000001 0 
v 0.47470299999999999 0.21390000000000001 0 
v 0.86813099999999999 0.167716 0 
v 0.51204099999999997 0.202434 0 
v 0.58149899999999999 -0.27262799999999998 0 
v 0.53578599999999998 0.20180600000000001 0 
v 0.52783800000000003 0.20147899999999999 0 
v 0.58233199999999996 0.212259 0 
v 0.53122899999999995 0.021229700000000001 0 
v 0.55952599999999997 0.205235 0 
v -0.44073400000000001 -0.85958999999999997 0 
v 0.48894100000000001 0.208066 0 
v 0.75710200000000005 -0.0242233 0 
v 0.44808599999999998 0.236791 0 
v 0.19974700000000001 0.083624100000000007 0 
v 0.61256600000000005 0.23538899999999999 0 
v 0.42990299999999998 0.25950299999999998 0 
v 0.44351000000000002 0.242344 0 
v 0.222937 -0.86591099999999999 0 
v 0.61725399999999997 0.24157400000000001 0 
v 0.54505300000000001 -0.31602400000000003 0 
v 0.63072300000000003 0.26095000000000002 0 
v 0.62177099999999996 0.24796699999999999 0 
v 0.21549699999999999 -0.85947399999999996 0 
v -0.27379799999999999 -0.96781799999999996 0 
v 0.50882400000000005 -0.35952899999999999 0 
v 0.63523700000000005 0.26745400000000003 0 
v 0.55735999999999997 -0.30169600000000002 0 
v 0.85369499999999998 0.229491 0 
v 0.58938999999999997 0.21562000000000001 0 
v 0.22437699999999999 -0.465119 0 
v 0.84759099999999998 0.246671 0 
v 0.33218500000000001 -0.93019700000000005 0 
v 0.83773699999999995 0.27220800000000001 0 
v 0.84107600000000005 0.263714 0 
v -0.092343999999999996 -0.866035 0 
v 0.45722699999999999 0.70606000000000002 0 
v 0.37985000000000002 0.601024 0 
v 0.655891 0.30144399999999999 0 
v 0.86793299999999995 0.131579 0 
v 0.86372700000000002 0.19453100000000001 0 
v 0.86704800000000004 0.176706 0 
v 0.47595799999999999 -0.13494200000000001 0 
v 0.63976 0.27397199999999999 0 
v 0.43393500000000002 -0.165633 0 
v 0.74899099999999996 -0.028345700000000001 0 
v 0.65256800000000004 0.29414699999999999 0 
v 0.65813200000000005 0.309253 0 
v 0.80292399999999997 0.36636099999999999 0 
v -0.20950299999999999 -0.797566 0 
v 0.65889600000000004 0.31764199999999998 0 
v 0.39506999999999998 0.838287 0 
v 0.65527999999999997 0.33593400000000001 0 
v 0.818129 0.32333299999999998 0 
v -0.34925 -0.91250200000000004 0 
v 0.82447199999999998 0.30621799999999999 0 
v 0.82127099999999997 0.31476500000000002 0 
v -0.34104400000000001 -0.91888400000000003 0 
v 0.81199100000000002 0.34052300000000002 0 
v 0.424126 -0.50565499999999997 0 
v 0.80896800000000002 0.349136 0 
v 0.51471500000000003 -0.35216399999999998 0 
v 0.82773099999999999 0.29769400000000001 0 
v -0.096616599999999997 -0.61977099999999996 0 
v 0.86869099999999999 0.140599 0 
v 0.50423200000000001 0.20380000000000001 0 
v 0.47056999999999999 -0.41323199999999999 0 
v 0.74200200000000005 0.48796600000000001 0 
v 0.48321500000000001 0.48197000000000001 0 
v 0.498639 0.48147600000000002 0 
v 0.59599000000000002 0.219614 0 
v 0.51409000000000005 0.48013699999999998 0 
v -0.34117199999999998 -0.230153 0 
v 0.60126500000000005 0.58411999999999997 0 
v 0.43434499999999998 0.25367899999999999 0 
v 0.55921600000000005 0.60153500000000004 0 
v 0.56752100000000005 0.59782900000000005 0 
v 0.52932400000000002 0.47817300000000001 0 
v 0.45204 0.717005 0 
v -0.055418200000000001 -0.10419299999999999 0 
v 0.46262799999999998 0.69534200000000002 0 
v 0.42165999999999998 0.271619 0 
v -0.37148700000000001 -0.24037600000000001 0 
v 0.44703199999999998 0.72809299999999999 0 
v 0.50566999999999995 0.63541099999999995 0 
v 0.51981999999999995 0.62382599999999999 0 
v -0.069322900000000007 -0.110115 0 
v 0.480072 0.665744 0 
v 0.48621900000000001 0.65712000000000004 0 
v 0.474074 0.67505499999999996 0 
v 0.16636600000000001 -0.25658799999999998 0 
v 0.0123085 -0.107004 0 
v 0.75785400000000003 0.46575299999999997 0 
v 0.61390100000000003 0.41680499999999998 0 
v -0.16542299999999999 -0.81515499999999996 0 
v 0.61877899999999997 0.40628900000000001 0 
v 0.77563700000000002 0.43398999999999999 0 
v 0.77152699999999996 0.44211899999999998 0 
v 0.64610900000000004 0.35537000000000002 0 
v 0.76264699999999996 0.45801500000000001 0 
v 0.76720100000000002 0.45013199999999998 0 
v 0.786833 0.40904600000000002 0 
v 0.79025100000000004 0.40059 0 
v 0.64312000000000002 0.56628100000000003 0 
v 0.65125900000000003 0.56223299999999998 0 
v 0.66717400000000004 0.55346399999999996 0 
v 0.65928299999999995 0.55796599999999996 0 
v 0.62655700000000003 0.57380600000000004 0 
v 0.60973100000000002 0.58076000000000005 0 
v 0.61816800000000005 0.57733699999999999 0 
v 0.49251400000000001 0.64921399999999996 0 
v 0.30032999999999999 0.00404296 0 
v 0.12717500000000001 0.22029199999999999 0 
v 0.72403399999999996 0.50850899999999999 0 
v 0.70415399999999995 0.52717800000000004 0 
v 0.55775799999999998 0.47224500000000003 0 
v 0.71098499999999998 0.52117999999999998 0 
v -0.0172958 0.22279299999999999 0 
v 0.67491699999999999 0.54871400000000004 0 
v 0.68249700000000002 0.54371000000000003 0 
v -0.37392900000000001 -0.48416100000000001 0 
v 0.39322400000000002 0.635459 0 
v 0.71761299999999995 0.51495299999999999 0 
v 0.73024299999999998 0.501857 0 
v 0.60357400000000005 0.43724800000000003 0 
v 0.190665 0.18743000000000001 0 
v 0.86670400000000003 0.12260500000000001 0 
v -0.76045600000000002 -0.0348247 0 
v -0.52563000000000004 0.038653300000000002 0 
v -0.514378 0.048012899999999997 0 
v -0.49051899999999998 0.064654600000000007 0 
v -0.61888500000000002 0.15865599999999999 0 
v 0.50076100000000001 -0.10292800000000001 0 
v 0.32006499999999999 0.55018699999999998 0 
v 0.38841300000000001 0.44761600000000001 0 
v 0.372172 0.58988499999999999 0 
v 0.215056 -0.45644299999999999 0 
v 0.24687500000000001 -0.49337300000000001 0 
v 0.25109500000000001 -0.50314800000000004 0 
v 0.42279899999999998 -0.169876 0 
v -0.64555799999999997 -0.438112 0 
v -0.86771600000000004 -0.46512100000000001 0 
v -0.601464 -0.36862400000000001 0 
v -0.49487100000000001 -0.180092 0 
v -0.56638999999999995 0.20317499999999999 0 
v -0.840839 -0.26147399999999998 0 
v -0.69094699999999998 -0.796431 0 
v -0.67622300000000002 -0.80511900000000003 0 
v -0.042637500000000002 -0.65607400000000005 0 
v 0.0039053299999999998 -0.66351700000000002 0 
v -0.80681800000000004 -0.14590900000000001 0 
v -0.52015199999999995 -0.15511800000000001 0 
v -0.56837499999999996 -0.082569600000000007 0 
v -0.380886 0.094752400000000001 0 
v -0.36650300000000002 0.090407399999999999 0 
v 0.059027499999999997 0.65354100000000004 0 
v 0.167048 0.76742200000000005 0 
v 0.101699 0.55209299999999994 0 
v 0.18474199999999999 0.62699300000000002 0 
v 0.142623 0.49040299999999998 0 
v 0.16054499999999999 0.34247499999999997 0 
v 0.13369800000000001 -0.65875899999999998 0 
v -0.022640299999999999 0.33463100000000001 0 
v 0.068944400000000003 -0.66297300000000003 0 
v -0.075023999999999993 0.33649099999999998 0 
v -0.38087100000000002 -0.42779800000000001 0 
v 0.17893300000000001 0.36496299999999998 0 
v 0.16491 0.75280100000000005 0 
v -0.19892599999999999 -0.78525699999999998 0 
v -0.80386800000000003 -0.69283700000000004 0 
v -0.85840000000000005 -0.55058700000000005 0 
v -0.85533000000000003 -0.56749400000000005 0 
v -0.86223899999999998 -0.36242999999999997 0 
v -0.86459900000000001 -0.37944800000000001 0 
v -0.409719 0.096833699999999995 0 
v -0.53832000000000002 0.22312599999999999 0 
v 0.17083899999999999 0.44348700000000002 0 
v 0.57015800000000005 0.46782699999999999 0 
v 0.45313999999999999 0.47909800000000002 0 
v 0.46800399999999998 0.48128100000000001 0 
v -0.72681499999999999 0.0252 0 
v -0.46675499999999998 -0.20075399999999999 0 
v -0.48109400000000002 -0.191021 0 
v -0.66109200000000001 -0.81301800000000002 0 
v -0.64555799999999997 -0.82003199999999998 0 
v -0.37426700000000002 -0.45403399999999999 0 
v -0.0566201 -0.65144500000000005 0 
v -0.81229700000000005 -0.16222500000000001 0 
v -0.81754099999999996 -0.178619 0 
v -0.54208100000000004 -0.12707299999999999 0 
v -0.57447700000000002 -0.067986500000000005 0 
v -0.57832499999999998 -0.053820600000000003 0 
v -0.272947 -0.036984099999999999 0 
v -0.38284299999999999 0.29607600000000001 0 
v -0.47880400000000001 0.25773299999999999 0 
v -0.35254400000000002 0.084289199999999995 0 
v 0.063921500000000006 0.63576600000000005 0 
v 0.069664199999999996 0.61827900000000002 0 
v 0.11153200000000001 0.53643700000000005 0 
v 0.121765 0.521007 0 
v 0.180418 0.64268400000000003 0 
v 0.152777 0.47500199999999998 0 
v 0.211594 0.57155699999999998 0 
v 0.54401200000000005 0.475601 0 
v -0.17921500000000001 0.33350099999999999 0 
v -0.21371200000000001 0.33033200000000001 0 
v 0.052591400000000003 -0.66367100000000001 0 
v -0.092447299999999996 0.33664300000000003 0 
v -0.79354100000000005 -0.70641799999999999 0 
v -0.78248899999999999 -0.71945300000000001 0 
v -0.52455499999999999 -0.63701600000000003 0 
v -0.51244500000000004 -0.84622699999999995 0 
v -0.85170400000000002 -0.58426599999999995 0 
v -0.84896300000000002 -0.294931 0 
v -0.85272400000000004 -0.311726 0 
v -0.86643400000000004 -0.39652199999999999 0 
v -0.86768000000000001 -0.41364000000000001 0 
v -0.69803700000000002 0.068051700000000007 0 
v -0.70796999999999999 0.053997000000000003 0 
v -0.29915900000000001 0.31721899999999997 0 
v -0.332903 0.30979200000000001 0 
v -0.73573 0.0104817 0 
v -0.74430799999999997 -0.0044352100000000002 0 
v -0.77526899999999999 -0.065887799999999996 0 
v -0.60623099999999996 0.170325 0 
v -0.62964299999999995 -0.82608800000000004 0 
v -0.40619499999999997 -0.620896 0 
v -0.82256799999999997 -0.19508300000000001 0 
v -0.41552499999999998 0.28501500000000002 0 
v -0.43163299999999999 0.27885900000000002 0 
v -0.49407899999999999 0.249774 0 
v -0.50909899999999997 0.24134900000000001 0 
v 0.16689899999999999 0.70612699999999995 0 
v -0.58005300000000004 -0.83844700000000005 0 
v -0.86511400000000005 -0.49941400000000002 0 
v 0.026191900000000001 0.83550800000000003 0 
v -0.186088 -0.78217800000000004 0 
v -0.0066702100000000002 -0.78439700000000001 0 
v -0.069126300000000002 -0.78381400000000001 0 
v 0.028667000000000002 0.81748600000000005 0 
v -0.11085399999999999 -0.78135299999999996 0 
v -0.048205699999999997 -0.78452 0 
v 0.038015800000000002 0.76273899999999994 0 
l 1254 529
l 528 1254
l 529 1249
l 531 2401
l 2400 531
l 530 2400
l 1249 530
l 1251 528
l 524 1270
l 523 2463
l 2463 524
l 1270 525
l 527 1251
l 1279 526
l 526 1253
l 525 1279
l 1253 527
l 2401 532
l 538 1257
l 537 2487
l 2487 538
l 1257 539
l 540 1259
l 1258 540
l 539 1258
l 1537 1030
l 1259 541
l 2438 534
l 533 2438
l 2437 533
l 534 2479
l 536 1261
l 535 1262
l 1262 536
l 2479 535
l 1261 537
l 532 2437
l 541 2465
l 1264 519
l 518 1264
l 519 1266
l 1267 518
l 520 1276
l 1276 521
l 1266 520
l 521 2423
l 2466 515
l 514 2466
l 2425 514
l 515 1333
l 517 1267
l 1269 517
l 516 1269
l 1333 516
l 513 2425
l 2423 522
l 1033 1274
l 1282 1033
l 1034 1272
l 1274 1034
l 1272 1035
l 1308 1031
l 1032 1282
l 2464 1032
l 1031 2464
l 1030 1308
l 1277 1038
l 2462 523
l 1353 1039
l 1038 1353
l 1035 1281
l 1255 1037
l 1036 1255
l 1281 1036
l 1037 1277
l 522 2462
l 1039 1347
l 2465 542
l 556 2308
l 555 1284
l 1284 556
l 558 1523
l 2311 558
l 557 2311
l 1523 559
l 2308 557
l 1290 552
l 1315 551
l 550 1315
l 551 1290
l 554 1291
l 553 1288
l 1289 553
l 1288 554
l 552 1289
l 1291 555
l 566 2185
l 2278 566
l 565 2278
l 2185 567
l 2010 569
l 568 2010
l 2192 568
l 567 2192
l 1292 565
l 561 2246
l 1299 561
l 560 1299
l 2246 562
l 564 1292
l 563 1295
l 1296 563
l 562 1296
l 1300 560
l 559 1300
l 1295 564
l 544 1307
l 543 1309
l 1309 544
l 2264 547
l 1305 546
l 545 1305
l 546 2264
l 1307 545
l 1028 1313
l 1825 543
l 1029 1537
l 1313 1029
l 542 1825
l 1303 1028
l 1314 1027
l 1026 1314
l 1027 1303
l 1311 1026
l 547 2233
l 2233 548
l 1318 1025
l 1088 1318
l 548 2179
l 1025 1311
l 549 1316
l 1316 550
l 2179 549
l 1868 1088
l 1087 1868
l 1086 2480
l 1584 1086
l 2480 1087
l 1321 1085
l 2047 1084
l 1083 2047
l 1084 1321
l 1085 1584
l 1319 1083
l 1082 1319
l 1326 509
l 1046 1256
l 509 2488
l 511 1330
l 1328 511
l 510 1328
l 2488 510
l 1330 512
l 506 1343
l 505 1339
l 1339 506
l 1343 507
l 2395 508
l 508 1326
l 2470 505
l 1256 1047
l 1047 1252
l 507 2395
l 512 2424
l 1332 1043
l 1541 1044
l 2424 513
l 1043 1541
l 1040 1396
l 1535 1042
l 1041 1535
l 1396 1041
l 1042 1332
l 1045 1338
l 1252 1048
l 1338 1046
l 1049 1336
l 2394 1049
l 504 2470
l 1539 1045
l 1048 2394
l 1044 1539
l 1347 1040
l 1336 1050
l 503 2469
l 2427 503
l 502 2427
l 2426 502
l 501 2426
l 1542 501
l 500 1542
l 1341 500
l 499 1341
l 2468 499
l 498 2468
l 2467 498
l 497 2467
l 1342 497
l 496 1342
l 2399 496
l 495 2399
l 2469 504
l 1051 1352
l 1250 1053
l 1052 1250
l 1352 1052
l 1540 495
l 2396 1055
l 1054 2396
l 1283 1054
l 1053 1283
l 1538 494
l 1560 493
l 493 1538
l 494 1540
l 1055 1547
l 1546 1057
l 1056 1546
l 1547 1056
l 492 1560
l 1057 1348
l 1351 1051
l 1050 1351
l 1069 1362
l 1068 1361
l 1361 1069
l 1357 1072
l 1356 1071
l 1070 1356
l 1071 1357
l 1362 1070
l 1564 1065
l 1371 1064
l 1063 1371
l 1064 1564
l 1067 1359
l 1066 1360
l 1268 1066
l 1360 1067
l 1065 1268
l 1359 1068
l 1324 1082
l 1366 1081
l 1080 1366
l 1081 1324
l 1079 1365
l 1078 1364
l 2374 1078
l 1364 1079
l 1365 1080
l 2419 1074
l 1453 1073
l 1073 2419
l 1076 1389
l 1075 2439
l 1501 1075
l 2439 1076
l 1074 1501
l 1077 2374
l 1072 1453
l 1379 1060
l 1058 1349
l 1062 1271
l 1061 1375
l 1265 1061
l 1375 1062
l 1060 1265
l 1374 788
l 1271 1063
l 1059 1379
l 788 1377
l 1349 1059
l 1434 786
l 787 1374
l 1372 787
l 786 1372
l 785 1434
l 1380 785
l 1348 1058
l 2251 783
l 784 1380
l 1382 784
l 783 1382
l 2336 782
l 1386 781
l 780 1386
l 781 2336
l 782 2251
l 779 1384
l 778 1663
l 2326 778
l 1663 779
l 776 2093
l 775 1385
l 1536 775
l 1385 776
l 2093 777
l 1384 780
l 777 2326
l 1389 1077
l 1377 789
l 569 1393
l 1395 574
l 573 1395
l 574 1392
l 575 2187
l 576 1275
l 2187 576
l 1392 575
l 1275 1
l 571 1263
l 1425 571
l 570 1425
l 1263 572
l 1397 573
l 1 1310
l 2 1398
l 1310 2
l 572 1397
l 1398 3
l 1406 4
l 1401 5
l 4 1401
l 5 1400
l 1400 6
l 1402 7
l 6 1402
l 17 1429
l 7 2222
l 19 1404
l 20 1431
l 1404 20
l 1431 21
l 8 1705
l 18 2289
l 1429 18
l 1705 9
l 2289 19
l 2222 8
l 3 1406
l 21 1403
l 1422 30
l 1408 31
l 30 1408
l 27 1414
l 1416 29
l 1414 28
l 28 1416
l 29 1422
l 2303 32
l 1534 34
l 33 1534
l 32 1410
l 2490 36
l 35 2490
l 2422 35
l 34 2422
l 31 2303
l 24 1596
l 25 1951
l 1596 25
l 1951 26
l 22 1415
l 23 1598
l 1415 23
l 1598 24
l 26 2348
l 1423 38
l 37 1423
l 1412 37
l 2494 40
l 39 2494
l 1477 39
l 40 1455
l 38 1477
l 2348 27
l 1403 22
l 36 1412
l 1393 570
l 1405 10
l 10 1465
l 1465 11
l 12 1428
l 13 1432
l 1428 13
l 1426 12
l 11 1426
l 1432 14
l 15 2137
l 16 1346
l 2137 16
l 1346 17
l 1430 15
l 42 2495
l 2495 43
l 14 1430
l 9 1405
l 1312 55
l 1442 54
l 53 1442
l 54 1312
l 1829 57
l 1438 56
l 865 1954
l 56 1829
l 55 1438
l 44 2491
l 1445 44
l 1463 50
l 43 1445
l 52 1440
l 51 2165
l 1457 51
l 2165 52
l 50 1457
l 1440 53
l 877 1452
l 41 2492
l 45 1441
l 2491 45
l 46 1446
l 874 1447
l 1461 874
l 1446 47
l 1441 46
l 1447 875
l 1452 878
l 2402 879
l 2492 42
l 878 2402
l 876 1449
l 2403 876
l 875 2403
l 1449 877
l 873 1461
l 1455 41
l 1454 48
l 2460 873
l 872 2460
l 48 1458
l 47 1454
l 1458 49
l 871 2417
l 1460 871
l 49 1463
l 2417 872
l 870 1460
l 869 1919
l 1464 869
l 1919 870
l 2415 868
l 1436 867
l 866 1436
l 867 2415
l 868 1464
l 1954 866
l 879 2440
l 1467 889
l 1498 890
l 889 1498
l 1483 886
l 887 1557
l 1484 887
l 886 1484
l 1557 888
l 1471 891
l 892 1544
l 1470 892
l 891 1470
l 893 1472
l 1479 895
l 894 1479
l 1472 894
l 1544 893
l 890 1471
l 882 2001
l 2317 884
l 883 2317
l 2001 883
l 2440 880
l 881 1476
l 1466 881
l 880 1466
l 1476 882
l 1474 885
l 896 1619
l 1469 896
l 898 1473
l 1632 898
l 897 1632
l 1619 897
l 884 1474
l 885 1483
l 895 1469
l 666 1571
l 667 1334
l 1571 667
l 1497 664
l 665 1368
l 1665 665
l 664 1665
l 1368 666
l 1488 671
l 1490 672
l 774 1536
l 671 1490
l 668 1487
l 1486 670
l 669 1486
l 1487 669
l 670 1488
l 1334 668
l 899 1391
l 1565 901
l 900 1565
l 1391 900
l 1491 902
l 1516 658
l 902 1493
l 1493 903
l 901 1491
l 658 1504
l 661 1599
l 1494 663
l 662 1494
l 1599 662
l 1504 659
l 660 1624
l 1728 660
l 659 1728
l 1624 661
l 663 1497
l 1473 899
l 888 1467
l 657 1516
l 904 1482
l 1492 904
l 905 1533
l 1503 907
l 906 1503
l 1533 906
l 1482 905
l 1500 908
l 1970 909
l 908 1970
l 909 1399
l 910 1502
l 1525 647
l 1502 911
l 911 1260
l 1399 910
l 907 1500
l 647 1506
l 915 1510
l 914 1908
l 1325 914
l 1908 915
l 1692 918
l 1507 917
l 916 1507
l 917 1692
l 1510 916
l 1260 912
l 1526 646
l 645 1526
l 912 1407
l 646 1525
l 913 1325
l 1407 913
l 644 1513
l 1513 645
l 1512 644
l 918 1509
l 656 1468
l 648 1746
l 1520 656
l 1746 649
l 1518 650
l 649 1518
l 655 1520
l 1468 657
l 650 1960
l 654 1522
l 653 1521
l 1521 654
l 1522 655
l 651 1736
l 652 1517
l 1736 652
l 1517 653
l 1960 651
l 2018 643
l 642 2018
l 643 1512
l 641 1915
l 640 1529
l 1528 640
l 1529 641
l 1915 642
l 1531 639
l 1532 638
l 637 1532
l 638 1531
l 636 1899
l 635 1897
l 1927 635
l 1897 636
l 1899 637
l 639 1528
l 1506 648
l 1509 919
l 903 1492
l 1410 33
l 672 1648
l 491 2481
l 2442 491
l 2481 492
l 2405 794
l 793 2405
l 2441 490
l 490 2442
l 794 1548
l 1553 793
l 488 2404
l 487 1543
l 1543 488
l 2404 489
l 489 2441
l 2443 796
l 795 2443
l 1548 795
l 796 1545
l 789 2435
l 2436 791
l 790 2436
l 2435 790
l 773 2177
l 1551 772
l 771 1551
l 1559 773
l 2177 774
l 792 1553
l 770 1549
l 2397 792
l 769 1554
l 848 1556
l 1556 769
l 1577 848
l 1554 770
l 1549 771
l 772 1559
l 791 2397
l 1562 485
l 484 1562
l 485 1561
l 483 2477
l 482 1566
l 1566 483
l 2477 484
l 1561 486
l 1570 481
l 2476 480
l 480 1570
l 481 2381
l 479 2476
l 801 1569
l 2475 479
l 478 2475
l 1569 802
l 2381 482
l 486 1563
l 799 2444
l 2445 801
l 800 2445
l 2444 800
l 797 1574
l 798 2406
l 1574 798
l 1563 487
l 2406 799
l 2434 478
l 803 1568
l 1573 803
l 802 1573
l 804 1572
l 1331 806
l 805 1331
l 1572 805
l 1568 804
l 1545 797
l 806 1575
l 1838 578
l 847 1577
l 577 1838
l 578 1285
l 579 2244
l 842 1676
l 1285 579
l 2244 580
l 1578 847
l 846 1578
l 1583 846
l 845 1583
l 1988 845
l 2086 844
l 843 2086
l 844 1988
l 1676 843
l 580 1579
l 1579 581
l 582 1586
l 1581 582
l 581 1581
l 583 1588
l 1587 585
l 584 1587
l 1588 584
l 1586 583
l 1987 586
l 587 1610
l 1437 587
l 586 1437
l 588 1456
l 1590 590
l 589 1590
l 1456 589
l 1610 588
l 585 1987
l 590 1589
l 1594 841
l 840 1594
l 841 1602
l 1593 840
l 1595 839
l 838 1595
l 839 1593
l 1602 842
l 1654 829
l 828 1654
l 1649 828
l 982 1667
l 837 2083
l 1600 830
l 1609 837
l 829 1600
l 2083 838
l 1608 836
l 1603 592
l 591 1603
l 836 1609
l 831 2446
l 593 2340
l 1433 593
l 592 1433
l 2340 594
l 835 1608
l 2446 832
l 1601 831
l 834 1591
l 833 1606
l 1607 833
l 1606 834
l 1591 835
l 832 1607
l 830 1601
l 1589 591
l 594 1712
l 1648 577
l 1612 477
l 476 1612
l 477 2434
l 2472 476
l 1567 808
l 807 1567
l 1685 471
l 1575 807
l 808 2382
l 2471 475
l 1614 474
l 474 2471
l 475 2472
l 1616 473
l 1629 472
l 472 1616
l 473 1614
l 471 1629
l 2382 809
l 809 2383
l 1617 811
l 810 1617
l 2383 810
l 2384 812
l 813 1626
l 1621 813
l 812 1621
l 811 2384
l 814 1620
l 1623 816
l 815 1623
l 1620 815
l 2428 818
l 817 2428
l 1625 819
l 1611 817
l 816 1611
l 1626 814
l 818 1625
l 1630 469
l 468 1630
l 469 1636
l 467 2385
l 466 2478
l 2478 467
l 2385 468
l 1636 470
l 1633 465
l 2398 464
l 464 1633
l 465 1631
l 1640 463
l 2429 462
l 462 1640
l 463 2398
l 1631 466
l 470 1685
l 460 1637
l 2485 460
l 459 2485
l 1637 461
l 2484 459
l 458 2484
l 461 2429
l 2448 458
l 457 2448
l 1641 457
l 456 1641
l 1644 456
l 455 1644
l 2483 455
l 454 2483
l 2482 454
l 453 2482
l 1646 453
l 452 1646
l 2447 452
l 819 2407
l 824 1653
l 823 1651
l 1651 824
l 826 1613
l 989 1662
l 825 1647
l 1647 826
l 1653 825
l 821 2449
l 820 2408
l 451 2447
l 2408 821
l 822 1650
l 990 1652
l 1650 823
l 1662 990
l 2449 822
l 1613 827
l 1657 986
l 1658 987
l 986 1658
l 985 1657
l 983 2075
l 1666 985
l 827 1649
l 2075 984
l 987 1661
l 988 1664
l 1652 991
l 1664 989
l 1680 993
l 992 1680
l 1480 992
l 1661 988
l 991 1480
l 984 1666
l 1667 983
l 993 1679
l 450 1675
l 1669 450
l 449 1669
l 2474 449
l 448 2474
l 1670 448
l 447 1670
l 2473 447
l 446 2473
l 1672 446
l 445 1672
l 1673 445
l 444 1673
l 1495 444
l 443 1495
l 1677 443
l 442 1677
l 1675 451
l 1674 441
l 440 1674
l 2458 440
l 441 2459
l 1678 439
l 439 2458
l 438 1678
l 1550 438
l 437 1550
l 2459 442
l 2115 437
l 436 2115
l 1681 436
l 435 1681
l 2418 434
l 2461 435
l 434 2461
l 433 2418
l 1755 433
l 994 1634
l 1679 994
l 2407 820
l 1712 595
l 2333 596
l 1684 597
l 596 1684
l 1690 603
l 1688 602
l 601 1688
l 602 1690
l 1893 598
l 599 2085
l 1687 599
l 598 1687
l 971 1696
l 1696 972
l 600 1985
l 2085 600
l 1985 601
l 597 1893
l 603 2012
l 972 1694
l 1898 606
l 1720 967
l 2345 605
l 605 1898
l 1693 608
l 607 1693
l 1592 607
l 608 1721
l 606 1592
l 1686 970
l 969 1686
l 1695 971
l 970 1695
l 2012 604
l 604 2345
l 1691 969
l 968 1691
l 1826 968
l 967 1826
l 1721 609
l 1701 980
l 1834 981
l 980 1834
l 977 1699
l 1700 979
l 978 1700
l 1699 978
l 979 1701
l 1499 982
l 1809 996
l 995 1809
l 1659 997
l 998 1682
l 1702 998
l 997 1702
l 996 1659
l 981 1499
l 975 1710
l 976 1704
l 1710 976
l 1694 973
l 974 1297
l 2104 974
l 973 2104
l 1297 975
l 1789 1000
l 2371 1001
l 1000 2371
l 432 1755
l 1381 1002
l 1006 1708
l 1002 1949
l 1001 1381
l 999 1789
l 1704 977
l 1682 999
l 595 2333
l 612 2030
l 1717 612
l 2030 613
l 1730 615
l 1716 614
l 613 1716
l 614 1730
l 961 2152
l 610 2038
l 1719 964
l 1711 610
l 964 1734
l 2038 611
l 611 1717
l 963 1719
l 962 2095
l 2095 963
l 2152 962
l 1639 961
l 621 1723
l 620 1727
l 1726 620
l 1727 621
l 1967 624
l 1842 623
l 622 1842
l 623 1967
l 1723 622
l 1722 617
l 1714 616
l 615 1714
l 616 1722
l 617 2096
l 619 1726
l 618 1725
l 2096 618
l 1725 619
l 624 1383
l 965 1671
l 966 1720
l 1671 966
l 1733 960
l 959 1733
l 960 1639
l 1734 965
l 958 2022
l 1796 1016
l 1015 1796
l 957 1747
l 1017 2366
l 1800 1017
l 1747 958
l 1016 1800
l 2022 959
l 956 1738
l 1739 955
l 955 1741
l 1741 956
l 954 1739
l 953 1740
l 952 1932
l 1740 954
l 1932 953
l 1019 1902
l 1018 1724
l 1724 1019
l 1902 1020
l 1021 1824
l 1906 1021
l 1824 1022
l 2366 1018
l 1926 952
l 1738 957
l 1020 1906
l 1383 625
l 609 1711
l 1003 1293
l 1004 1753
l 1293 1004
l 427 1845
l 1005 1706
l 1706 1006
l 1753 1005
l 1708 1007
l 1845 428
l 2416 431
l 1754 432
l 431 1754
l 430 2416
l 429 1750
l 1750 430
l 1751 429
l 428 1751
l 1787 427
l 1949 1003
l 1707 1008
l 426 1787
l 1008 1709
l 1709 1009
l 1793 426
l 399 2409
l 1638 1010
l 1009 1638
l 1763 396
l 395 1763
l 1783 395
l 396 1762
l 1760 399
l 398 1760
l 1764 398
l 1762 397
l 394 1783
l 2496 394
l 1007 1707
l 397 1764
l 387 1769
l 1878 387
l 389 2489
l 388 2174
l 2174 389
l 1769 388
l 2489 390
l 385 1786
l 1772 385
l 1766 375
l 1786 386
l 1770 384
l 1775 383
l 383 1770
l 384 1772
l 386 1878
l 390 2493
l 382 1775
l 1777 381
l 381 1776
l 1776 382
l 375 1874
l 2493 391
l 392 1774
l 380 1777
l 1489 392
l 391 1489
l 1774 393
l 1778 380
l 379 1778
l 1781 379
l 378 1781
l 1757 378
l 377 1757
l 1421 377
l 376 1421
l 1874 376
l 393 2496
l 2409 400
l 425 1793
l 1011 1749
l 2243 1011
l 1797 1014
l 1013 1797
l 2124 1013
l 423 1799
l 2128 425
l 403 1821
l 424 2128
l 1749 1012
l 1012 2124
l 404 1794
l 1821 404
l 1799 424
l 1794 405
l 1014 1795
l 1743 423
l 422 1743
l 2118 422
l 1795 1015
l 1930 421
l 2455 411
l 420 1930
l 421 2118
l 2452 407
l 2411 406
l 406 2452
l 407 2453
l 409 2413
l 408 1802
l 2453 408
l 1802 409
l 405 2411
l 410 2455
l 2414 420
l 2413 410
l 1805 374
l 374 1766
l 1785 403
l 2450 401
l 402 1785
l 373 1805
l 2451 402
l 1768 373
l 1882 368
l 372 1768
l 1806 372
l 371 1806
l 1808 371
l 1810 370
l 1887 369
l 368 1887
l 369 1810
l 370 1808
l 401 2451
l 367 1882
l 366 1811
l 1409 366
l 1811 367
l 1813 365
l 1816 364
l 363 1816
l 364 1813
l 365 1409
l 1818 362
l 1756 361
l 361 1818
l 362 1817
l 1424 360
l 2200 359
l 359 1424
l 360 1756
l 1817 363
l 358 2200
l 400 2450
l 411 2149
l 1010 2243
l 1022 1745
l 1634 995
l 57 1435
l 1830 62
l 61 1830
l 1827 64
l 63 1827
l 1828 63
l 62 1828
l 64 2277
l 58 1851
l 1835 865
l 864 1835
l 1832 864
l 60 1831
l 59 1974
l 1974 60
l 1851 59
l 1831 61
l 2277 65
l 114 1977
l 71 1839
l 1840 71
l 1839 72
l 1273 74
l 73 1273
l 1837 73
l 72 1837
l 70 1840
l 67 1844
l 1916 67
l 66 1916
l 1844 68
l 1843 70
l 69 1843
l 1841 69
l 68 1841
l 2272 66
l 65 2272
l 74 1320
l 863 1832
l 862 1848
l 1848 863
l 861 1849
l 860 1850
l 1920 860
l 1850 861
l 1849 862
l 1729 859
l 1853 858
l 858 1729
l 1856 857
l 925 1854
l 856 1856
l 857 1853
l 924 2284
l 859 1920
l 855 1852
l 1858 855
l 1329 854
l 854 1858
l 1859 853
l 1862 852
l 851 1862
l 852 1859
l 853 1329
l 2391 928
l 2007 927
l 926 2007
l 927 2391
l 850 1864
l 849 1953
l 2392 849
l 1953 850
l 928 2392
l 1864 851
l 1852 856
l 1854 926
l 1320 75
l 81 1869
l 1867 81
l 1869 82
l 1876 84
l 83 1876
l 1866 83
l 82 1866
l 80 1867
l 77 1870
l 1872 77
l 76 1872
l 1870 78
l 1871 80
l 79 1871
l 2286 79
l 78 2286
l 2006 76
l 84 1865
l 116 1846
l 1873 86
l 86 1984
l 85 1873
l 1846 117
l 1977 115
l 87 1604
l 2070 116
l 115 2070
l 1984 87
l 1683 120
l 121 1947
l 1875 121
l 120 1875
l 117 2191
l 1627 119
l 118 1627
l 2191 118
l 119 1683
l 1865 85
l 1947 122
l 1558 125
l 1527 126
l 125 1527
l 122 1896
l 2143 124
l 123 2143
l 1896 123
l 124 1558
l 1618 127
l 128 1703
l 1880 128
l 127 1880
l 129 1788
l 1715 131
l 130 1715
l 1788 130
l 1703 129
l 126 1618
l 1885 132
l 133 1891
l 1883 133
l 132 1883
l 134 1645
l 1889 136
l 135 1889
l 1645 135
l 1891 134
l 1552 137
l 138 1892
l 1555 138
l 137 1555
l 139 1894
l 1973 141
l 140 1973
l 1894 140
l 1892 139
l 136 1552
l 131 1885
l 75 2006
l 2284 925
l 2344 634
l 633 2344
l 1767 633
l 1901 632
l 1914 631
l 630 1914
l 631 1901
l 1376 630
l 1913 627
l 2249 766
l 1732 626
l 626 1913
l 629 1376
l 628 1903
l 1812 628
l 1903 629
l 627 1812
l 1515 920
l 919 1515
l 634 1927
l 921 1394
l 2202 921
l 1394 922
l 632 1767
l 1904 923
l 923 2390
l 922 1904
l 1911 673
l 674 1731
l 1668 674
l 673 1668
l 766 1940
l 1912 768
l 767 1912
l 1940 767
l 768 1911
l 920 2202
l 1731 675
l 2098 951
l 1918 950
l 950 2098
l 1917 949
l 1921 948
l 947 1921
l 948 1917
l 949 1918
l 946 1922
l 945 1923
l 2268 945
l 1923 946
l 1925 944
l 1304 943
l 942 1304
l 943 1925
l 944 2268
l 1922 947
l 676 1929
l 1931 678
l 677 1931
l 1929 677
l 1936 679
l 1860 680
l 679 1860
l 951 1926
l 678 1936
l 941 2148
l 680 2166
l 2180 941
l 940 2180
l 2166 681
l 681 1934
l 2148 942
l 682 1938
l 1934 682
l 1938 683
l 1937 676
l 675 1937
l 625 1732
l 765 2249
l 2052 684
l 1278 763
l 764 1585
l 1945 764
l 763 1945
l 1585 765
l 2365 685
l 686 1943
l 2050 686
l 685 2050
l 687 1378
l 688 1941
l 1941 689
l 1378 688
l 1943 687
l 684 2365
l 2390 924
l 757 1354
l 1944 757
l 756 1944
l 1972 755
l 2195 754
l 754 1972
l 755 1905
l 1905 756
l 1519 761
l 1948 762
l 761 1948
l 758 1363
l 1946 760
l 759 1946
l 1363 759
l 760 1519
l 1354 758
l 762 1278
l 689 1942
l 690 1950
l 1950 691
l 691 1955
l 692 1952
l 693 1956
l 1952 693
l 1955 692
l 1956 694
l 694 1439
l 2223 940
l 695 1971
l 1439 695
l 696 1958
l 1959 698
l 697 1959
l 1958 697
l 1971 696
l 1942 690
l 2088 699
l 700 1992
l 1448 700
l 699 1448
l 1969 708
l 707 1969
l 2066 707
l 708 1963
l 701 1961
l 1968 703
l 702 1968
l 1961 702
l 1413 706
l 1994 705
l 1966 704
l 705 1413
l 703 1966
l 706 2066
l 1992 701
l 698 2088
l 683 2052
l 753 2195
l 704 1994
l 141 2313
l 1435 58
l 108 1605
l 88 1689
l 1689 89
l 1855 90
l 1975 91
l 91 1976
l 90 1975
l 89 1855
l 1605 109
l 1450 112
l 113 1978
l 1779 113
l 112 1779
l 109 1986
l 1496 111
l 110 1496
l 1986 110
l 111 1450
l 1978 114
l 92 1939
l 2013 103
l 1939 93
l 93 1980
l 94 1982
l 95 1981
l 1982 95
l 1980 94
l 103 2037
l 106 1485
l 107 1744
l 1485 107
l 1744 108
l 104 2033
l 105 2023
l 2033 105
l 2023 106
l 2037 104
l 1976 92
l 2313 142
l 1713 143
l 142 1713
l 1995 144
l 145 1993
l 1524 145
l 144 1524
l 143 1995
l 752 2393
l 1993 146
l 2298 752
l 751 2298
l 146 1991
l 147 1990
l 2027 751
l 1990 148
l 148 1996
l 1991 147
l 149 1997
l 1635 151
l 150 1635
l 1997 150
l 1822 152
l 153 1998
l 2320 153
l 152 2320
l 151 1822
l 2002 750
l 1814 749
l 748 1814
l 749 2002
l 154 2000
l 750 2027
l 155 1999
l 2000 155
l 1998 154
l 1999 156
l 1996 149
l 1981 96
l 1604 88
l 2017 97
l 2008 98
l 97 2008
l 98 2009
l 99 2011
l 100 2016
l 2011 100
l 2009 99
l 2016 101
l 2015 102
l 2005 157
l 102 2013
l 2245 159
l 158 2245
l 2004 158
l 101 2015
l 157 2004
l 96 2017
l 2279 160
l 161 2020
l 2315 161
l 160 2315
l 162 2025
l 163 2019
l 2025 163
l 2393 753
l 2020 162
l 164 2021
l 2274 166
l 165 2274
l 2021 165
l 2028 167
l 2281 168
l 167 2281
l 166 2028
l 168 2024
l 2019 164
l 159 2279
l 169 2044
l 2044 170
l 170 2026
l 171 2258
l 172 1350
l 2258 172
l 2026 171
l 1350 173
l 1370 174
l 1335 175
l 174 1335
l 175 2029
l 2029 176
l 2032 177
l 176 2032
l 2296 748
l 173 1370
l 177 1390
l 178 2043
l 179 2034
l 2043 179
l 2034 180
l 2036 181
l 1358 182
l 181 1358
l 180 2036
l 182 1323
l 183 1369
l 184 2039
l 1369 184
l 2039 185
l 2041 186
l 2040 187
l 186 2040
l 185 2041
l 1323 183
l 1390 178
l 2024 169
l 156 2005
l 187 2046
l 747 2296
l 746 2059
l 2059 747
l 745 2236
l 744 2386
l 1964 744
l 2386 745
l 2236 746
l 2049 743
l 1615 742
l 741 1615
l 742 2049
l 740 2048
l 729 2072
l 2069 729
l 2048 741
l 743 1964
l 739 2051
l 738 1801
l 2087 738
l 1801 739
l 2053 737
l 2056 736
l 735 2056
l 736 2053
l 737 2087
l 2060 732
l 2262 731
l 730 2262
l 731 2060
l 734 2054
l 733 2055
l 2057 733
l 2055 734
l 732 2057
l 2054 735
l 2051 740
l 2072 730
l 2068 715
l 1983 714
l 714 2068
l 2062 718
l 2061 717
l 716 2061
l 717 2062
l 715 2064
l 710 2065
l 2114 710
l 709 2114
l 2065 711
l 1881 713
l 2067 712
l 712 1881
l 711 2067
l 713 1983
l 2064 716
l 725 2071
l 724 2077
l 2074 724
l 2077 725
l 1886 728
l 1979 727
l 726 1979
l 727 1886
l 2071 726
l 720 1890
l 719 2078
l 1792 719
l 2078 720
l 2076 723
l 2073 722
l 721 2073
l 722 2076
l 1890 721
l 723 2074
l 718 1792
l 728 2069
l 188 2189
l 189 1656
l 2189 189
l 190 2084
l 2081 192
l 191 2081
l 2084 191
l 1656 190
l 2089 193
l 194 2042
l 2231 194
l 193 2231
l 195 1910
l 197 2097
l 1957 197
l 196 1957
l 2042 195
l 192 2089
l 198 2090
l 1418 200
l 199 1418
l 2090 199
l 1962 201
l 2092 202
l 201 2092
l 200 1962
l 2091 203
l 1302 204
l 203 1302
l 204 1322
l 205 2299
l 206 2266
l 2299 206
l 1322 205
l 202 2091
l 2266 207
l 2097 198
l 2058 208
l 208 2112
l 2112 209
l 2108 210
l 2099 211
l 210 2099
l 209 2108
l 211 2063
l 212 2103
l 213 2101
l 2103 213
l 2101 214
l 2102 215
l 2105 216
l 215 2105
l 214 2102
l 2063 212
l 216 2122
l 217 2107
l 218 1863
l 2107 218
l 1863 219
l 2106 220
l 2167 221
l 220 2167
l 219 2106
l 221 1771
l 222 1807
l 223 2111
l 1807 223
l 2111 224
l 2109 225
l 2110 226
l 225 2110
l 224 2109
l 1771 222
l 2122 217
l 207 2058
l 1910 196
l 2046 188
l 1963 709
l 226 2116
l 1023 1748
l 1344 419
l 1748 1024
l 929 2117
l 1024 2252
l 419 2414
l 2252 929
l 418 1344
l 2420 418
l 2130 414
l 417 2420
l 2147 416
l 2131 415
l 414 2131
l 415 2147
l 416 2119
l 2117 930
l 935 2199
l 934 1761
l 1761 935
l 938 1965
l 1909 937
l 936 1909
l 937 2123
l 2199 936
l 931 1443
l 930 2379
l 2379 931
l 933 2157
l 932 2127
l 2119 417
l 2127 933
l 1443 932
l 2157 934
l 2123 938
l 1137 2145
l 1140 2133
l 2129 1140
l 412 2430
l 2145 1138
l 1139 2129
l 2456 1139
l 1138 2456
l 2430 413
l 1143 2454
l 2134 1145
l 1144 2134
l 2454 1144
l 2133 1141
l 1142 2412
l 2135 1142
l 1141 2135
l 2412 1143
l 1145 2136
l 2141 1134
l 2139 1135
l 1134 2139
l 413 2130
l 2142 1133
l 2146 1132
l 1131 2146
l 1132 2142
l 1133 2141
l 2138 1137
l 1136 2138
l 2140 1136
l 2387 1130
l 2170 1129
l 1128 2170
l 1129 2387
l 1130 1782
l 1782 1131
l 1135 2140
l 2183 1128
l 1965 939
l 2149 412
l 1223 1989
l 1989 1224
l 2082 1223
l 1221 2150
l 1222 2082
l 2150 1222
l 2154 1221
l 1224 2151
l 1227 1427
l 1220 2154
l 1427 1228
l 1228 1759
l 2153 1227
l 1226 2153
l 2155 1226
l 1225 2155
l 2151 1225
l 1759 1229
l 2158 1213
l 1214 2080
l 1459 1214
l 1213 1459
l 1210 2335
l 2125 1212
l 1211 2125
l 2335 1211
l 1212 2158
l 1218 2164
l 2160 1220
l 1219 2160
l 2164 1219
l 1215 2003
l 1217 2162
l 2163 1217
l 2003 1216
l 2162 1218
l 2080 1215
l 1229 2168
l 2182 1231
l 1232 2094
l 2169 1232
l 2168 1230
l 1780 1234
l 1233 1780
l 1230 2182
l 2094 1233
l 2171 1127
l 2176 1126
l 1125 2176
l 1126 2171
l 2389 1125
l 1124 2389
l 2291 1124
l 1235 2388
l 1737 1235
l 1234 1737
l 1231 2169
l 1236 2172
l 1327 1123
l 2172 1237
l 1237 2178
l 2388 1236
l 1127 2183
l 1123 2291
l 1238 2175
l 2178 1238
l 1122 1327
l 1643 1122
l 1117 2159
l 1121 1643
l 1120 2375
l 2161 1119
l 1118 2161
l 1119 2213
l 2375 1121
l 2159 1118
l 2213 1120
l 1216 2163
l 939 2223
l 1148 1815
l 1149 1758
l 1815 1149
l 2136 1146
l 1147 2486
l 2186 1147
l 1146 2186
l 2486 1148
l 2421 1151
l 1152 2218
l 2410 1152
l 1151 2410
l 1089 1576
l 1622 1091
l 1090 1622
l 1576 1090
l 2218 1089
l 1150 2421
l 1508 1092
l 1093 1317
l 1505 1093
l 1092 1505
l 1514 1099
l 2190 1098
l 1097 2190
l 1098 1514
l 1317 1094
l 337 2203
l 1798 1095
l 1094 1798
l 1096 2194
l 2203 338
l 2193 1096
l 1095 2193
l 2194 1097
l 2205 358
l 1099 2196
l 1091 1508
l 338 1823
l 2210 356
l 355 2210
l 356 2204
l 1790 355
l 354 1790
l 1411 354
l 353 1411
l 2204 357
l 2209 352
l 2207 351
l 351 2209
l 352 1804
l 2212 349
l 349 2208
l 2208 350
l 348 2212
l 350 2207
l 1804 353
l 357 2205
l 341 1791
l 2217 343
l 1791 342
l 343 2211
l 2121 340
l 340 2120
l 2120 341
l 339 2121
l 2211 344
l 2216 347
l 2214 348
l 347 2214
l 346 2216
l 345 2132
l 2132 346
l 1803 345
l 344 1803
l 342 2217
l 1823 339
l 1758 1150
l 2225 1108
l 2045 1107
l 1107 2225
l 1110 2248
l 1109 1820
l 2224 1109
l 1820 1110
l 1108 2224
l 1103 2235
l 1102 1451
l 2241 1102
l 1451 1103
l 2221 1106
l 2247 1105
l 1104 2247
l 1105 2221
l 2235 1104
l 1106 2045
l 1113 2232
l 1112 1628
l 1628 1113
l 2232 1114
l 1116 1718
l 1115 2227
l 2228 1115
l 2227 1116
l 1114 2228
l 2248 1111
l 2230 319
l 318 2230
l 2220 316
l 1111 1582
l 2219 317
l 1511 318
l 317 1511
l 316 2219
l 1582 1112
l 1718 1117
l 319 2229
l 1100 2201
l 332 2237
l 2234 332
l 329 2215
l 330 1847
l 331 2234
l 1847 331
l 2215 330
l 2201 1101
l 2238 336
l 2198 337
l 336 2198
l 335 2238
l 2239 334
l 2240 335
l 334 2240
l 333 2239
l 2237 333
l 2196 1100
l 323 2242
l 324 1337
l 2242 324
l 2079 323
l 321 2305
l 322 2079
l 2305 322
l 2250 321
l 1337 325
l 1735 328
l 1101 2241
l 328 1742
l 1742 329
l 2226 326
l 2206 327
l 326 2206
l 327 1735
l 325 2226
l 320 2250
l 2229 320
l 2175 1239
l 1745 1023
l 1196 1419
l 1197 2265
l 1419 1197
l 1888 1194
l 1195 2319
l 2257 1195
l 1194 2257
l 2319 1196
l 1900 1201
l 1202 1884
l 1833 1202
l 1201 1833
l 1198 2254
l 2255 1200
l 1199 2255
l 2254 1199
l 1200 1900
l 2265 1198
l 1192 2260
l 1191 2259
l 1420 1191
l 2259 1192
l 1530 1190
l 2263 1189
l 1188 2263
l 1189 1530
l 1190 1420
l 1187 1417
l 1186 1879
l 2261 1186
l 1879 1187
l 2283 1185
l 2324 1184
l 1183 2324
l 1184 2283
l 1185 2261
l 1417 1188
l 1193 1888
l 2253 1204
l 2267 1205
l 1204 2267
l 1306 1182
l 1181 1306
l 1182 1301
l 1203 2253
l 1208 2270
l 1895 1210
l 1209 1895
l 2270 1209
l 2271 1206
l 1207 2328
l 1765 1207
l 1206 1765
l 2328 1208
l 1205 2271
l 1180 2269
l 1179 2273
l 2276 1179
l 2273 1180
l 2280 1176
l 1176 2275
l 2275 1177
l 1177 2113
l 2113 1178
l 1175 2280
l 1698 1163
l 2297 1175
l 1861 1174
l 1164 2352
l 1340 1164
l 1174 2297
l 1163 1340
l 1178 2276
l 2269 1181
l 1301 1183
l 1884 1203
l 2282 240
l 240 1752
l 1752 241
l 1388 238
l 2144 239
l 238 2144
l 239 2282
l 241 2285
l 1924 1173
l 2287 245
l 244 2287
l 245 1345
l 2288 244
l 1642 243
l 243 2288
l 1173 1861
l 242 1642
l 2285 242
l 237 1388
l 228 2293
l 229 2318
l 2293 229
l 2318 230
l 2197 231
l 1660 232
l 231 1660
l 230 2197
l 232 2256
l 235 2294
l 236 2184
l 2294 236
l 2184 237
l 233 2295
l 234 1287
l 2295 234
l 1287 235
l 2256 233
l 2380 228
l 227 2380
l 2300 1172
l 2292 1171
l 1171 2300
l 2301 1170
l 2304 1169
l 1168 2304
l 1169 2301
l 1170 2292
l 2306 1167
l 1355 1166
l 1165 1355
l 1166 2306
l 2302 256
l 1933 257
l 256 1933
l 1387 1168
l 1167 1387
l 2352 1165
l 1172 1924
l 2309 249
l 250 2307
l 2310 250
l 249 2310
l 246 1367
l 2316 248
l 247 2316
l 1367 247
l 248 2309
l 254 2014
l 255 2302
l 2014 255
l 2314 254
l 251 1478
l 2312 253
l 252 2312
l 1478 252
l 253 2314
l 2307 251
l 1345 246
l 2260 1193
l 257 1928
l 1784 1240
l 2432 1241
l 1240 2432
l 1246 2457
l 1245 2331
l 2325 1245
l 2331 1246
l 2322 1243
l 1242 2322
l 2433 1242
l 1244 2325
l 2323 1244
l 1286 296
l 1243 2323
l 295 1286
l 1241 2433
l 2457 1247
l 296 2173
l 2431 1153
l 2369 1248
l 2327 290
l 1248 2431
l 1597 1155
l 1836 1154
l 1154 1597
l 1153 1836
l 1155 1697
l 290 1444
l 293 2330
l 2329 295
l 294 2329
l 2330 294
l 1444 291
l 292 1773
l 1580 292
l 291 1580
l 1773 293
l 1247 2369
l 309 2290
l 310 2332
l 2290 310
l 2343 307
l 308 2334
l 1462 308
l 307 1462
l 2334 309
l 314 1294
l 315 2220
l 1294 315
l 1819 314
l 311 2337
l 1877 313
l 312 1877
l 2337 312
l 313 1819
l 2332 311
l 299 2339
l 1373 301
l 300 1373
l 2339 300
l 2173 297
l 298 2031
l 2035 298
l 297 2035
l 2031 299
l 304 2342
l 2341 306
l 305 2341
l 2342 305
l 2338 302
l 303 2364
l 1298 303
l 302 1298
l 2364 304
l 301 2338
l 306 2343
l 1239 1784
l 2347 1159
l 1158 2347
l 1159 2349
l 267 2346
l 1655 1161
l 1160 1655
l 2349 1160
l 1161 1280
l 1157 2181
l 1156 2378
l 2378 1157
l 270 2321
l 2181 1158
l 2100 269
l 2156 270
l 269 2156
l 268 2100
l 2346 268
l 1280 1162
l 261 1907
l 262 1857
l 1907 262
l 2355 261
l 259 2356
l 260 2355
l 2356 260
l 2126 259
l 1857 263
l 1162 1698
l 2353 267
l 266 2353
l 2354 266
l 264 2351
l 265 2354
l 2351 265
l 2350 264
l 263 2350
l 258 2126
l 1928 258
l 2360 283
l 283 2358
l 2358 284
l 2372 281
l 2359 282
l 281 2359
l 282 2360
l 284 2357
l 287 2363
l 288 2362
l 2363 288
l 2362 289
l 285 2188
l 286 2361
l 2188 286
l 2361 287
l 2357 285
l 289 2327
l 274 2376
l 275 2370
l 2376 275
l 2367 274
l 1935 272
l 2377 273
l 272 2377
l 273 2367
l 2370 276
l 278 1475
l 279 2373
l 1475 279
l 2373 280
l 2368 277
l 1481 278
l 277 1481
l 276 2368
l 280 2372
l 271 1935
l 2321 271
l 1697 1156
l 2116 227
