# Gmsh OBJ export
v -0.160066 -0.817153 0
v -0.207313 -0.799498 0
v -0.210704 -0.79554 0
v -0.209687 -0.791305 0
v -0.178312 -0.781083 0
v -0.0377637 -0.784673 0
v 0.0603801 -0.783103 0
v 0.166957 -0.817968 0
v 0.189678 -0.836699 0
v 0.219208 -0.862703 0
v 0.257782 -0.893151 0
v 0.423856 -0.9365790000000001 0
v 0.491369 -0.85468 0
v 0.469509 -0.814558 0
v 0.410461 -0.729208 0
v 0.401349 -0.7025090000000001 0
v 0.393874 -0.656255 0
v 0.407198 -0.554504 0
v 0.44106 -0.466829 0
v 0.468083 -0.417231 0
v 0.494495 -0.37824 0
v 0.560427 -0.298105 0
v 0.61542 -0.221652 0
v 0.634742 -0.168504 0
v 0.666625 -0.0737329 0
v 0.868891 0.14512 0
v 0.810478 0.344829 0
v 0.755366 0.469563 0
v 0.720849 0.511757 0
v 0.6055 0.582445 0
v 0.571702 0.596035 0
v 0.538948 0.611727 0
v 0.489347 0.653078 0
v 0.471138 0.679942 0
v 0.454608 0.71151 0
v 0.439744 0.744866 0
v 0.425238 0.778468 0
v 0.385513 0.85386 0
v 0.341208 0.911907 0
v 0.332952 0.920852 0
v 0.307069 0.94607 0
v 0.212176 0.997826 0
v 0.173536 0.993932 0
v 0.08949799999999999 0.964627 0
v 0.0428989 0.73531 0
v 0.0800332 0.5927210000000001 0
v 0.106554 0.544231 0
v 0.157652 0.467228 0
v 0.180463 0.41914 0
v 0.175455 0.358475 0
v 0.166205 0.347178 0
v -0.0138938 0.334142 0
v -0.23948 0.32719 0
v -0.290678 0.318875 0
v -0.35799 0.303341 0
v -0.531121 0.22785 0
v -0.573221 0.197935 0
v -0.612598 0.164534 0
v -0.847001 -0.286551 0
v -0.8578710000000001 -0.337014 0
v -0.865587 -0.387979 0
v -0.868077 -0.456539 0
v -0.83955 -0.625247 0
v -0.808732 -0.68584 0
v -0.726012 -0.771852 0
v -0.683636 -0.800868 0
v -0.405132 -0.874777 0
v -0.361658 -0.903075 0
v -0.278221 -0.9650840000000001 0
v -0.170737 -0.99757 0
v -0.143712 -0.199863 0
v -0.139382 -0.185944 0
v -0.127438 -0.166241 0
v -0.07905040000000001 -0.116168 0
v -0.058988 -0.105415 0
v 0.0159483 -0.108318 0
v 0.141916 -0.168942 0
v 0.16129 -0.186804 0
v 0.170208 -0.244672 0
v 0.124222 -0.290019 0
v 0.0421018 -0.299215 0
v -0.00715943 -0.297156 0
v -0.0370291 -0.298349 0
v -0.09347320000000001 -0.283629 0
v -0.107893 -0.271064 0
v -0.135483 -0.230752 0
v -0.14241 -0.214781 0
v 0.278788 -0.08036459999999999 0
v 0.275218 -0.06318 0
v 0.284025 -0.0178864 0
v 0.346764 0.06729499999999999 0
v 0.366232 0.0851978 0
v 0.389874 0.0951558 0
v 0.434255 0.0824442 0
v 0.470292 0.0742389 0
v 0.536992 0.00748198 0
v 0.539876 -0.0117289 0
v 0.497176 -0.10869 0
v 0.480626 -0.130061 0
v 0.372491 -0.167435 0
v 0.351096 -0.159126 0
v 0.314229 -0.132981 0
v -0.337992 -0.227776 0
v -0.394514 -0.236157 0
v -0.459462 -0.205174 0
v -0.536913 -0.134301 0
v -0.571668 -0.075234 0
v -0.575416 -0.0208563 0
v -0.561464 0.00258013 0
v -0.541858 0.0237749 0
v -0.458008 0.0816504 0
v -0.402573 0.09720289999999999 0
v -0.321629 0.0627339 0
v -0.311433 0.0518292 0
v -0.288465 0.0125814 0
v -0.278238 -0.0163296 0
v -0.27363 -0.0818825 0
v -0.287155 -0.108764 0
v 0.248857 -0.537768 0
v 0.236045 -0.567708 0
v 0.21662 -0.606514 0
v 0.179094 -0.645551 0
v 0.109886 -0.660909 0
v 0.0607612 -0.663335 0
v -0.0199182 -0.660893 0
v -0.0749088 -0.642021 0
v -0.113239 -0.556691 0
v -0.108455 -0.497189 0
v -0.102938 -0.476299 0
v -0.097913 -0.467473 0
v -0.0909293 -0.459881 0
v 0.000670083 -0.428831 0
v 0.0384905 -0.425155 0
v 0.0769803 -0.422117 0
v 0.210193 -0.452377 0
v 0.188122 0.190239 0
v 0.20279 0.163071 0
v 0.211692 0.115295 0
v 0.209231 0.100437 0
v 0.180777 0.0618328 0
v 0.15699 0.038749 0
v 0.117837 0.007837469999999999 0
v 0.0807498 -0.00242296 0
v 0.0194828 0.008971410000000001 0
v -0.0260021 0.0354351 0
v -0.0540216 0.069343 0
v -0.06789000000000001 0.166404 0
v 0.0212262 0.227941 0
v 0.0920184 0.230423 0
v 0.175964 0.199584 0
v -0.531232 -0.633161 0
v -0.557484 -0.615569 0
v -0.582684 -0.596441 0
v -0.604752 -0.575744 0
v -0.629058 -0.53988 0
v -0.640212 -0.5135150000000001 0
v -0.6471710000000001 -0.486058 0
v -0.648761 -0.458347 0
v -0.624363 -0.394418 0
v -0.606522 -0.373147 0
v -0.519404 -0.351493 0
v -0.39084 -0.411863 0
v -0.383734 -0.422108 0
v -0.378497 -0.43386 0
v -0.378745 -0.540075 0
v -0.421877 -0.636369 0
v 0.178546 0.798139 0
v 0.185523 0.806997 0
v 0.212761 0.819736 0
v 0.233738 0.8198299999999999 0
v 0.244514 0.818983 0
v 0.255357 0.818004 0
v 0.276992 0.815577 0
v 0.287631 0.813746 0
v 0.340077 0.780678 0
v 0.354733 0.7497239999999999 0
v 0.368597 0.717233 0
v 0.383617 0.685348 0
v 0.392205 0.629725 0
v 0.383188 0.606716 0
v 0.313862 0.5484019999999999 0
v 0.274962 0.544113 0
v 0.23743 0.551115 0
v 0.216225 0.5663049999999999 0
v 0.199432 0.590136 0
v 0.168651 0.774347 0
v 0.593838 0.450957 0
v 0.606337 0.43229 0
v 0.6433410000000001 0.360312 0
v 0.657174 0.305278 0
v 0.614941 0.238446 0
v 0.610107 0.232423 0
v 0.599089 0.221861 0
v 0.53181 0.201583 0
v 0.459971 0.22386 0
v 0.42363 0.268528 0
v 0.399239 0.321687 0
v 0.375726 0.434951 0
v 0.405346 0.459633 0
v 0.445871 0.477395 0
v 0.53676 0.47697 0
v 0.564149 0.470186 0
v -0.56312 -0.840923 0
v -0.216946 -0.992785 0
v -0.770805 -0.731961 0
v 0.8655659999999999 0.185647 0
v -0.316431 -0.938065 0
v -0.46847 -0.652025 0
v -0.510982 -0.643644 0
v -0.480658 -0.850301 0
v -0.4406 -0.646678 0
v -0.482833 -0.651325 0
v 0.207746 0.818927 0
v -0.382315 -0.563926 0
v -0.391043 -0.594296 0
v -0.863237 -0.516522 0
v -0.618171 -0.558517 0
v -0.565902 -0.351033 0
v 0.587295 -0.265172 0
v -0.63535 -0.412461 0
v -0.449842 -0.375345 0
v -0.414787 -0.392103 0
v -0.374979 -0.499952 0
v -0.487324 -0.361097 0
v -0.423969 -0.223534 0
v 0.512609 0.629375 0
v -0.539279 -0.348844 0
v -0.00950695 0.225763 0
v -0.329829 -0.219308 0
v -0.373528 -0.468769 0
v 0.194804 -0.441806 0
v -0.210795 -0.793441 0
v -0.124518 -0.83518 0
v 0.567303 0.207136 0
v -0.196276 -0.804775 0
v -0.0776651 -0.936628 0
v 0.148517 -0.656386 0
v -0.110328 -0.145025 0
v 0.0136251 -0.783826 0
v 0.129135 -0.795248 0
v 0.195089 0.181231 0
v 0.0200512 -0.664188 0
v 0.436514 -0.774093 0
v -0.09003890000000001 -0.782675 0
v 0.0971853 -0.786107 0
v 0.411101 0.290912 0
v -0.111758 -0.526576 0
v -0.131389 -0.780227 0
v -0.106829 -0.5979409999999999 0
v -0.0302509 -0.433416 0
v -0.376616 -0.440275 0
v 0.198185 0.81586 0
v 0.260785 0.817481 0
v 0.172235 -0.432613 0
v 0.0760538 -0.302333 0
v 0.128171 -0.287971 0
v -0.207333 -0.7891860000000001 0
v -0.832044 -0.228183 0
v -0.590556 -0.360848 0
v -0.507917 -0.16807 0
v -0.315418 -0.165291 0
v -0.112077 -0.574595 0
v -0.795079 -0.113554 0
v -0.0661373 -0.445228 0
v -0.7525500000000001 -0.0195407 0
v -0.117079 -0.259605 0
v -0.560652 -0.0974209 0
v -0.397765 -0.608263 0
v -0.270611 -0.0698255 0
v -0.423814 0.0944103 0
v -0.298619 0.0332554 0
v -0.6771430000000001 0.09540410000000001 0
v -0.07147539999999999 -0.293573 0
v -0.0555778 0.184724 0
v -0.6432099999999999 0.134305 0
v 0.062281 0.229206 0
v 0.100358 -0.00065519 0
v 0.84437 0.255206 0
v -0.339352 0.07667590000000001 0
v -0.07116939999999999 0.154409 0
v 0.623818 0.395819 0
v -0.0661707 0.118856 0
v -0.0712976 0.145911 0
v -0.348055 -0.234231 0
v -0.0585585 0.08195810000000001 0
v 0.277492 -0.0759978 0
v -0.0100972 -0.101565 0
v 0.147656 -0.428033 0
v -0.047294 0.0580669 0
v 0.0477448 -0.123364 0
v 0.0939493 -0.141487 0
v 0.0503629 0.00139587 0
v 0.123752 -0.156513 0
v 0.345248 0.90735 0
v -0.0575811 0.336094 0
v 0.164221 0.73751 0
v 0.373077 0.39415 0
v 0.0511447 0.689672 0
v 0.0233533 0.8698979999999999 0
v 0.0347522 0.781019 0
v 0.0334804 0.933262 0
v 0.394996 -0.614178 0
v -0.0244683 0.218381 0
v 0.0649681 0.328511 0
v 0.0996918 0.327117 0
v 0.119472 0.223273 0
v 0.1322 0.505699 0
v 0.854302 0.0790531 0
v 0.170276 -0.205635 0
v 0.466101 -0.144114 0
v 0.127926 0.9784119999999999 0
v 0.580914 0.462107 0
v 0.145486 -0.171646 0
v 0.0299024 0.331142 0
v 0.192777 -0.6356309999999999 0
v 0.779546 0.425759 0
v 0.644242 0.28054 0
v 0.252719 -0.522903 0
v 0.322871 -0.92714 0
v 0.399348 -0.586398 0
v 0.489314 0.0650208 0
v -0.0406449 -0.10106 0
v 0.150597 -0.274822 0
v 0.150276 0.211282 0
v 0.109237 -0.423489 0
v 0.162287 -0.263553 0
v 0.796743 0.383536 0
v 0.147498 0.335092 0
v 0.276805 -0.0352525 0
v 0.289695 -0.102693 0
v 0.325276 0.0347189 0
v 0.400362 -0.17266 0
v 0.420715 -0.514427 0
v 0.420927 -0.750349 0
v 0.517169 0.0405323 0
v 0.477695 -0.908022 0
v 0.374911 0.09015819999999999 0
v 0.398599 0.0953772 0
v 0.240691 -0.48373 0
v 0.490966 -0.8849860000000001 0
v 0.492761 -0.876456 0
v 0.487803 -0.893178 0
v 0.103571 -0.298651 0
v 0.526709 -0.337598 0
v 0.444935 -0.159706 0
v 0.51336 -0.07884670000000001 0
v 0.529545 -0.0435923 0
v 0.765081 -0.0198649 0
v 0.650421 -0.0997426 0
v 0.691387 -0.0551558 0
v 0.715809 -0.0433392 0
v 0.36872 0.422599 0
v -0.008762270000000001 0.0218178 0
v -0.12723 0.336178 0
v 0.132642 0.330339 0
v 0.183417 0.379263 0
v 0.176587 0.658548 0
v 0.184555 0.394799 0
v 0.391951 0.346411 0
v 0.392464 0.658061 0
v -0.32283 -0.205155 0
v 0.367958 0.407632 0
v 0.343273 0.56153 0
v 0.643216 -0.126585 0
v 0.249931 0.818503 0
v 0.205984 0.151185 0
v 0.282336 0.814738 0
v 0.406854 0.816963 0
v 0.320172 0.9338070000000001 0
v 0.311454 0.942075 0
v 0.302691 0.949954 0
v 0.29405 0.9573199999999999 0
v 0.321784 0.8000389999999999 0
v 0.48162 0.210793 0
v 0.531229 0.0212297 0
v -0.440734 -0.85959 0
v 0.448086 0.236791 0
v 0.199747 0.08362410000000001 0
v 0.617254 0.241574 0
v 0.58939 0.21562 0
v 0.658896 0.317642 0
v 0.65528 0.335934 0
v 0.824472 0.306218 0
v -0.0966166 -0.619771 0
v 0.504232 0.2038 0
v 0.498639 0.481476 0
v -0.371487 -0.240376 0
v 0.166366 -0.256588 0
v 0.64312 0.566281 0
v 0.30033 0.00404296 0
v 0.682497 0.54371 0
v -0.514378 0.0480129 0
v -0.490519 0.06465460000000001 0
v 0.372172 0.589885 0
v 0.215056 -0.456443 0
v 0.251095 -0.503148 0
v 0.422799 -0.169876 0
v -0.645558 -0.438112 0
v -0.366503 0.0904074 0
v 0.184742 0.626993 0
v 0.178933 0.364963 0
v -0.198926 -0.785257 0
v -0.85533 -0.5674940000000001 0
v 0.468004 0.481281 0
v -0.481094 -0.191021 0
v -0.0566201 -0.6514450000000001 0
v -0.817541 -0.178619 0
v -0.578325 -0.0538206 0
v -0.272947 -0.0369841 0
v -0.478804 0.257733 0
v 0.06392150000000001 0.6357660000000001 0
v -0.179215 0.333501 0
v -0.512445 -0.846227 0
v -0.70797 0.053997 0
v -0.775269 -0.0658878 0
v -0.629643 -0.826088 0
v -0.406195 -0.620896 0
v -0.431633 0.278859 0
v 0.166899 0.7061269999999999 0
v 0.0261919 0.835508 0
v -0.624170871274534 -0.705760210246552 0
v -0.687135661588631 -0.654535813894928 0
v -0.546560392307019 -0.739770304494633 0
v -0.591619748256311 -0.723920496759644 0
v -0.712258024160912 -0.62396474403582 0
v -0.7455891074914059 -0.54919981396772 0
v -0.73185423195616 -0.58860396733614 0
v -0.658615638513335 -0.68065942055322 0
v -0.301718902929124 -0.827495916806028 0
v -0.228410847201341 -0.889447034627424 0
v -0.260943689953295 -0.8695125206302941 0
v -0.459974345333922 -0.752059824179781 0
v -0.401646451150908 -0.753158558284859 0
v -0.502112964074485 -0.748096258262235 0
v -0.342908483564167 -0.750614566158778 0
v -0.286094209192985 -0.681404873844339 0
v -0.24827667190741 -0.596633132384901 0
v -0.754364901538903 -0.5072413080388281 0
v -0.758408954335147 -0.45622442973839 0
v -0.753378770621297 -0.403417429039426 0
v -0.74249072313389 -0.362586760169081 0
v -0.72454385676278 -0.317495319490217 0
v -0.698851903176978 -0.268880130530881 0
v -0.367378327575675 -0.323590535188023 0
v -0.458295165996726 -0.291095649936956 0
v -0.418327092446751 -0.307281757055969 0
v -0.243231459447648 -0.352630193030204 0
v -0.233966672096435 -0.414145346658003 0
v -0.49802657166258 -0.274813001140669 0
v -0.174743472912421 -0.908657325561678 0
v -0.192626541909335 -0.903634525509005 0
v -0.145894629738417 -0.916576857966618 0
v -0.249550943634139 -0.644067907416488 0
v 0.161364961209281 -0.728962930104409 0
v -0.0324303939786664 -0.722265505877191 0
v 0.0167661472365275 -0.724003132525131 0
v -0.0808475517860138 -0.715145466211793 0
v 0.0662621820209031 -0.723237110370492 0
v 0.109575564365104 -0.7241207185767899 0
v -0.246272634501314 -0.552867240726145 0
v -0.243197126714083 -0.511569699831258 0
v -0.229222725303474 -0.375687100260317 0
v -0.0939805473229726 -0.370286605850317 0
v -0.160042583274757 -0.37273417508861 0
v -0.0409173743779477 -0.366247707630351 0
v -0.00232558490579452 -0.362938850172041 0
v 0.0349836981192107 -0.362032666686699 0
v 0.16131850912126 -0.354745966224045 0
v 0.0723798936991019 -0.362256999894083 0
v 0.117880100812399 -0.360549136262972 0
v 0.154471422608243 -0.355879299002988 0
v -0.666687647490536 -0.223196707794255 0
v -0.671392321889925 -0.0669455820380762 0
v -0.675336118660664 -0.111245780157683 0
v -0.67384562939962 -0.163899423224935 0
v -0.231136166673476 -0.190501251094177 0
v -0.195206753607211 -0.114829712864978 0
v -0.177858122916938 -0.0805448937076777 0
v -0.214687050974663 -0.150070034376506 0
v -0.150118502978708 -0.0132035435970747 0
v -0.646931365910165 0.00729398736995132 0
v -0.621768431537701 0.0459202703530858 0
v -0.527063243902376 0.134277446681623 0
v -0.488147848136009 0.15795910527561 0
v -0.395966254231156 0.19141225033642 0
v -0.563784899752878 0.106023182076616 0
v -0.591401753828665 0.0800781777221984 0
v -0.443272552148909 0.178777484934957 0
v -0.221281080447225 0.176549623179628 0
v -0.18883907492049 0.0935549830375665 0
v -0.175823754717873 0.0549314709044229 0
v -0.332322121881974 0.195677835354313 0
v -0.269654287646402 0.188659448689099 0
v -0.17425536575312 0.216172740160111 0
v -0.128575984278708 0.242865055639635 0
v -0.06365811929141491 0.27087069356135 0
v -0.0454057401398968 -0.0342495914563255 0
v 0.0374017912054716 -0.0547929929673556 0
v -0.000970767774939957 -0.0447812008642512 0
v -0.0853098831192336 -0.0249630788526758 0
v -0.0199895799075245 0.279616978371746 0
v 0.0747353991963169 -0.0657556987635763 0
v 0.199557108393183 -0.10763436450852 0
v 0.19555568354568 -0.101832010259588 0
v 0.124233234541253 -0.0723033800458964 0
v 0.176372052925919 -0.0723375198801849 0
v 0.202925157293246 -0.0208742136177612 0
v 0.177161255499843 0.273821406605109 0
v 0.0216460972931483 0.279870906791845 0
v 0.0597416617139632 0.278963567308931 0
v 0.103471361456692 0.741295340049977 0
v 0.1092321382232 0.6964202070146021 0
v 0.118261196759748 0.874085714751981 0
v 0.108460369773931 0.841658330404328 0
v 0.0848484717693483 0.89866425759558 0
v 0.102231631596047 0.78832007953729 0
v 0.0998124366659232 0.278455955414273 0
v 0.131687649197519 0.611995509821046 0
v 0.138901362972867 0.27522603754364 0
v 0.152534237517468 0.568111698275848 0
v 0.177678378013168 0.531196858593929 0
v 0.157494324636017 0.894732322285176 0
v 0.212703079889125 0.494752097596832 0
v 0.275134513591051 -0.737458233309719 0
v 0.233574292239687 -0.736021728732741 0
v 0.296771624358951 -0.6615868327612749 0
v 0.31157375630494 -0.604442867808774 0
v 0.357160948136048 -0.833885997941975 0
v 0.322356037915629 -0.802330005204736 0
v 0.298382444571373 -0.772385291700889 0
v 0.322192514169076 -0.567993665796457 0
v 0.337817454718138 -0.480026921110869 0
v 0.331782705308856 -0.529786015999288 0
v 0.253249883712647 -0.19109766578009 0
v 0.200751919455287 -0.348323335407763 0
v 0.318447269304346 -0.325344689268541 0
v 0.324836155125578 -0.328860154811269 0
v 0.227537859809918 0.0156747236185819 0
v 0.285883032667876 0.110022261927402 0
v 0.225110893976405 -0.144165935038702 0
v 0.25145277274975 0.0456210363864158 0
v 0.292579253626793 -0.269409544666535 0
v 0.273031034494714 0.07777991856633421 0
v 0.411166539525854 0.168273191557935 0
v 0.409357703309555 -0.8616037812769211 0
v 0.434737889006084 -0.868586486600981 0
v 0.335638673980723 -0.41319455871507 0
v 0.393521553067026 -0.300133445061005 0
v 0.449295161809873 -0.269509694556091 0
v 0.492577788325575 -0.237336486659608 0
v 0.519903665887405 -0.21144496706076 0
v 0.5433252787002421 -0.182770112089395 0
v 0.561410796206443 -0.149057397282651 0
v 0.574795085365562 -0.11221715027189 0
v 0.613151230430523 -0.0224917592778175 0
v 0.639376011676016 0.0382449752491142 0
v 0.588989323613091 -0.0738065592646701 0
v 0.492928265841617 0.137535107379688 0
v 0.534233635619165 0.125935660826409 0
v 0.658532552799715 0.08903680453742201 0
v 0.693307175102299 0.108704263068518 0
v 0.719113088809875 0.134893952458223 0
v 0.220050188726 0.276618639445215 0
v 0.274119921594452 0.446535280830626 0
v 0.320321675745884 0.200906771478223 0
v 0.308813660675678 0.173331437946088 0
v 0.277730102684392 0.281580734998473 0
v 0.301695629135807 0.238827500575451 0
v 0.11971888319182 0.649804588847644 0
v 0.281852614007504 0.314472908508558 0
v 0.280893466054235 0.352990590021753 0
v 0.378290616429377 0.513006692499492 0
v 0.433878061589936 0.661533342990417 0
v 0.270606209365068 0.885789244605128 0
v 0.25932271118436 0.890876119010778 0
v 0.253824885239877 0.893253668425829 0
v 0.264880486093679 0.888415330815445 0
v 0.242205763704686 0.8980888621531971 0
v 0.193669345503907 0.90702148137018 0
v 0.203636734026854 0.908629959298955 0
v 0.349520385513579 0.831837566147143 0
v 0.40421647754441 0.730931121092453 0
v 0.419608492491126 0.697083116545455 0
v 0.389316088414625 0.765737972718723 0
v 0.289301627294912 0.876544246441006 0
v 0.294703711373663 0.87366370231771 0
v 0.302789348903559 0.8689502131076 0
v 0.371802715721785 0.801880600475293 0
v 0.452952073850347 0.148458388993576 0
v 0.590487748737592 0.109314345390557 0
v 0.379307311639866 0.18227885609298 0
v 0.726354119566645 0.149437463535884 0
v 0.7378187461243551 0.216626408714555 0
v 0.729595521880481 0.161155036792345 0
v 0.7409832721419219 0.277223309787922 0
v 0.736468944642276 0.321300209869932 0
v 0.457129547415819 0.565320693627138 0
v 0.507687043315119 0.550038634167959 0
v 0.645936070098208 0.489907824751359 0
v 0.544861952281939 0.539252033997099 0
v 0.445373053809328 0.622279031745573 0
v 0.670536700206974 0.462017623370701 0
v 0.691580866174983 0.4291431673955 0
v 0.710119875630998 0.395790160369143 0
v 0.726012918571206 0.359730784308672 0
v 0.615051292627237 0.512382115967804 0
v 0.58135652346997 0.527592941430029 0
v -0.313586074515114 -0.712879292350355 0
v -0.305100939249361 -0.338612746948022 0
v -0.239251473908074 -0.465635567431577 0
v -0.187083925800522 -0.6752974673079229 0
v -0.129712562401868 -0.700569327712782 0
v -0.236270514436647 -0.286412945010886 0
v -0.594830248236628 -0.241381700741696 0
v -0.533079349684192 -0.26149253587009 0
v -0.234279155049911 -0.242999591141412 0
v -0.161770036188691 0.0150966278576583 0
v -0.206851137487274 0.138396318453958 0
v 0.257395805100662 -0.338295588531704 0
v 0.27643557166713 0.397830910842189 0
v 0.327859488960858 0.482539856709326 0
v 0.428111228182508 0.546146835072654 0
v 0.470148266546422 -0.8788273970293911 0
v -0.6413207393964599 -0.269061834761961 0
v -0.623447002314129 -0.193576841104058 0
v -0.322339672989489 -0.296721267736954 0
v -0.339542761483647 -0.368037750816097 0
v -0.2703504056641 -0.31689892634527 0
v -0.283441032106313 -0.372513626571932 0
v -0.559728375369594 -0.21177311918121 0
v -0.58311595485943 -0.285784233456286 0
v -0.205339043523446 -0.32468821456095 0
v -0.209369979866148 -0.271556847171176 0
v -0.261241596314478 -0.268502404174486 0
v -0.162806058000441 -0.891193491554942 0
v -0.173791228429376 -0.929789779357678 0
v -0.232883089691956 -0.690553276178939 0
v -0.202560896039616 -0.628880995581506 0
v -0.149303530003346 -0.652108853147515 0
v -0.183420649300254 -0.719474956355561 0
v 0.207108430963059 -0.692072152513472 0
v 0.201212424442 -0.775830227518956 0
v -0.130996326616958 -0.409359392750828 0
v -0.132065452099219 -0.335285921112993 0
v -0.189092467401166 -0.403738273315749 0
v -0.192142507852773 -0.3437126826284 0
v 0.191698126855828 -0.375084330496754 0
v 0.184828311742233 -0.324987510245842 0
v 0.225413791257537 -0.31316207435747 0
v 0.23634820624715 -0.373102790756386 0
v -0.707190165857834 -0.211228068061204 0
v -0.708244111589073 -0.149614526784731 0
v -0.64172832518231 -0.145036957504405 0
v -0.6456286252640639 -0.100926120313792 0
v -0.703973229576211 -0.09824784102821769 0
v -0.111839662430156 0.0133285559243976 0
v -0.123661729513211 -0.0515344851006975 0
v -0.226496264795989 0.219717973542812 0
v -0.178264236278817 0.170204882155665 0
v -0.175835348862168 0.253549824746081 0
v -0.140370713596876 0.20031798860034 0
v -0.0920768921393539 0.213794527819817 0
v -0.127902992139354 0.289521527819817 0
v -0.0763013480514769 -0.0524973532676581 0
v -0.0650120859745405 -0.00429209912989929 0
v 0.0889595606880649 0.872792809758573 0
v 0.109380916482904 0.902039213674371 0
v 0.256642946325806 -0.714595168944636 0
v 0.255947134074364 -0.759740563514831 0
v 0.285623033379712 -0.374432340743661 0
v 0.376003471853691 -0.360425939239309 0
v 0.297683310930694 -0.441391123934846 0
v 0.377780882783958 -0.434634943777776 0
v 0.390536547237578 -0.8087372849244669 0
v 0.342738723214401 -0.87310828510288 0
v 0.289823734495551 -0.358933330080859 0
v 0.278235427926891 -0.307164718157355 0
v 0.332557719950811 -0.284115543013441 0
v 0.321623250604559 -0.214671796303637 0
v 0.231841934127954 -0.257131398374021 0
v 0.33974159401067 -0.278369742222657 0
v 0.429108903026404 -0.327661526840569 0
v 0.395932418361581 -0.255206365341473 0
v 0.262268588249163 0.163307019393924 0
v 0.334803640073645 0.13343840966555 0
v 0.300209548253081 0.194432279772652 0
v 0.329663050674619 0.181955374971023 0
v 0.356918461474269 0.224861468534525 0
v 0.398593091650029 0.197564248128495 0
v 0.382270247281826 0.157849252480531 0
v 0.424019240015595 -0.850136639469395 0
v 0.412891580728623 -0.879878564728537 0
v 0.453938875591527 -0.886213388090513 0
v 0.460050885559013 -0.862370559679968 0
v 0.634465264355963 0.133098155383905 0
v 0.614220458422462 0.0654343617961914 0
v 0.594574897132094 0.0247837282115307 0
v 0.662134938653978 -0.00262526183114122 0
v 0.6737752474301399 0.0538082400542943 0
v 0.560237662449335 0.0809360268298593 0
v 0.580922110180477 0.149673919766089 0
v 0.768620315196304 0.168184458291013 0
v 0.6973524590274049 0.18423602805791 0
v 0.719637600852466 0.154803326220712 0
v 0.7349469282826649 0.14917718606812 0
v 0.778162525329962 0.231233900002072 0
v 0.702387538634052 0.240826178508598 0
v 0.372491 -0.167435 0
v 0.147656 -0.428033 0
v -0.667040183699168 -0.692058492984068 0
v -0.675464728885001 -0.703457565414915 0
v -0.683889274070834 -0.714856637845763 0
v -0.692313819256668 -0.72625571027661 0
v -0.700738364442501 -0.737654782707458 0
v -0.7091629096283339 -0.749053855138305 0
v -0.717587454814167 -0.7604529275691529 0
v -0.676202858909317 -0.788979526280819 0
v -0.668769717818634 -0.777091052561638 0
v -0.66133657672795 -0.765202578842457 0
v -0.653903435637267 -0.753314105123276 0
v -0.646470294546584 -0.741425631404095 0
v -0.639037153455901 -0.729537157684914 0
v -0.631604012365218 -0.717648683965733 0
v -0.607499153455901 -0.683212407684914 0
v -0.590827435637267 -0.660664605123276 0
v -0.5741557178186339 -0.6381168025616381 0
v -0.601666909628334 -0.617495605138305 0
v -0.620649819256668 -0.63855021027661 0
v -0.639632728885001 -0.659604815414915 0
v -0.6253479153971579 -0.595441953473732 0
v -0.6459438307943151 -0.615139906947464 0
v -0.666539746191473 -0.6348378604211961 0
v -0.697594328890052 -0.6642139621580621 0
v -0.708052996191473 -0.673892110421196 0
v -0.718511663492894 -0.68357025868433 0
v -0.7289703307943159 -0.693248406947464 0
v -0.739428998095737 -0.702926555210598 0
v -0.749887665397158 -0.7126047034737319 0
v -0.760346332698579 -0.722282851736866 0
v -0.724317271140798 -0.631699151031343 0
v -0.7363765181206841 -0.639433558026865 0
v -0.74843576510057 -0.647167965022388 0
v -0.760495012080456 -0.65490237201791 0
v -0.772554259060342 -0.662636779013433 0
v -0.7846135060402279 -0.670371186008955 0
v -0.796672753020114 -0.678105593004478 0
v -0.641692756040228 -0.574878936008955 0
v -0.665214512080456 -0.59124087201791 0
v -0.688736268120684 -0.6076028080268649 0
v -0.576522811192233 -0.701230622569733 0
v -0.561425874128156 -0.678540748379822 0
v -0.546328937064078 -0.6558508741899109 0
v -0.6248900935320389 -0.813317062094956 0
v -0.6201371870640781 -0.800546124189911 0
v -0.6153842805961171 -0.787775186284867 0
v -0.610631374128156 -0.775004248379822 0
v -0.605878467660195 -0.762233310474778 0
v -0.601125561192233 -0.749462372569733 0
v -0.596372654724272 -0.736691434664689 0
v -0.561050049038377 -0.828278913061829 0
v -0.558980098076755 -0.815634826123658 0
v -0.556910147115132 -0.802990739185487 0
v -0.554840196153509 -0.790346652247316 0
v -0.552770245191887 -0.7777025653091451 0
v -0.550700294230264 -0.765058478370975 0
v -0.548630343268641 -0.752414391432804 0
v -0.5376657942302639 -0.715738728370975 0
v -0.528771196153509 -0.691707152247316 0
v -0.519876598076755 -0.667675576123658 0
v -0.497292973055864 -0.723903443696676 0
v -0.492472982037242 -0.699710629131117 0
v -0.487652991018621 -0.675517814565559 0
v -0.511153495509311 -0.833960657282779 0
v -0.509861991018621 -0.821694314565559 0
v -0.508570486527932 -0.809427971848338 0
v -0.507278982037242 -0.797161629131117 0
v -0.505987477546553 -0.7848952864138971 0
v -0.504695973055864 -0.772628943696676 0
v -0.503404468565174 -0.760362600979456 0
v -0.65475705798904 -0.552060991834035 0
v -0.68045611597808 -0.56424198366807 0
v -0.70615517396712 -0.576422975502105 0
v -0.74531620296164 -0.593184346419122 0
v -0.75877817396712 -0.597764725502105 0
v -0.7722401449726 -0.6023451045850871 0
v -0.78570211597808 -0.60692548366807 0
v -0.79916408698356 -0.611505862751053 0
v -0.81262605798904 -0.616086241834035 0
v -0.8260880289945201 -0.620666620917018 0
v -0.666556276872851 -0.52243620349193 0
v -0.692900553745703 -0.53135740698386 0
v -0.719244830618554 -0.54027861047579 0
v -0.75930671905498 -0.551486587221755 0
v -0.773024330618554 -0.55377336047579 0
v -0.786741942182129 -0.556060133729825 0
v -0.800459553745703 -0.55834690698386 0
v -0.814177165309277 -0.5606336802378949 0
v -0.827894776872852 -0.56292045349193 0
v -0.8416123884364261 -0.565207226745965 0
v -0.673969475384726 -0.491353827009707 0
v -0.700767950769452 -0.496649654019414 0
v -0.727566426154177 -0.501945481029121 0
v -0.76797391384654 -0.508401394533975 0
v -0.781582926154177 -0.509561481029121 0
v -0.795191938461815 -0.510721567524268 0
v -0.808800950769452 -0.511881654019414 0
v -0.822409963077089 -0.513041740514561 0
v -0.836018975384726 -0.514201827009707 0
v -0.849627987692363 -0.5153619135048531 0
v -0.47807254316674 -0.838020853022473 0
v -0.47548708633348 -0.825740706044945 0
v -0.472901629500221 -0.813460559067418 0
v -0.470316172666961 -0.801180412089891 0
v -0.467730715833701 -0.788900265112363 0
v -0.465145259000441 -0.776620118134836 0
v -0.462559802167181 -0.764339971157309 0
v -0.462098259000441 -0.727051118134836 0
v -0.464222172666961 -0.702042412089891 0
v -0.46634608633348 -0.6770337060449449 0
v -0.254239853709133 -0.860760705551507 0
v -0.247536017464971 -0.85200889047272 0
v -0.240832181220809 -0.843257075393934 0
v -0.234128344976648 -0.834505260315147 0
v -0.227424508732486 -0.82575344523636 0
v -0.220720672488324 -0.817001630157573 0
v -0.214016836244162 -0.808249815078787 0
v -0.22208086286614 -0.799534489600754 0
v -0.233457725732281 -0.803528979201507 0
v -0.244834588598421 -0.807523468802261 0
v -0.256211451464562 -0.811517958403014 0
v -0.267588314330702 -0.815512448003768 0
v -0.278965177196843 -0.819506937604521 0
v -0.290342040062983 -0.823501427205275 0
v -0.309211290062983 -0.836943302205275 0
v -0.316703677196843 -0.846390687604521 0
v -0.324196064330702 -0.855838073003768 0
v -0.331688451464562 -0.865285458403014 0
v -0.339180838598421 -0.874732843802261 0
v -0.346673225732281 -0.884180229201507 0
v -0.35416561286614 -0.893627614600754 0
v -0.309495086244162 -0.929495940078787 0
v -0.302559172488324 -0.920926880157573 0
v -0.295623258732486 -0.91235782023636 0
v -0.288687344976648 -0.903788760315147 0
v -0.281751431220809 -0.8952197003939339 0
v -0.274815517464971 -0.88665064047272 0
v -0.267879603709133 -0.878081580551507 0
v -0.210795 -0.793441 0
v -0.227309185445521 -0.7880876957698471 0
v -0.243823370891042 -0.782734391539695 0
v -0.260337556336563 -0.777381087309542 0
v -0.276851741782084 -0.772027783079389 0
v -0.293365927227605 -0.766674478849236 0
v -0.309880112673126 -0.761321174619084 0
v -0.326394298118647 -0.755967870388931 0
v -0.322313693246646 -0.789055241482403 0
v -0.350686423118647 -0.766134870388931 0
v -0.358464362673126 -0.781655174619084 0
v -0.366242302227605 -0.797175478849236 0
v -0.374020241782084 -0.8126957830793889 0
v -0.381798181336563 -0.828216087309542 0
v -0.389576120891042 -0.843736391539695 0
v -0.397354060445521 -0.859256695769847 0
v -0.382845 -0.8881250000000001 0
v -0.234637116301173 -0.898901655298996 0
v -0.240863385401006 -0.908356275970568 0
v -0.247089654500838 -0.91781089664214 0
v -0.25331592360067 -0.927265517313712 0
v -0.259542192700503 -0.936720137985284 0
v -0.265768461800335 -0.946174758656856 0
v -0.271994730900168 -0.955629379328428 0
v -0.213906067738667 -0.981641190688626 0
v -0.210866135477334 -0.9704973813772509 0
v -0.207826203216001 -0.959353572065877 0
v -0.204786270954668 -0.948209762754503 0
v -0.201746338693335 -0.937065953443128 0
v -0.198706406432002 -0.925922144131754 0
v -0.195666474170668 -0.91477833482038 0
v -0.188556474170668 -0.892824334820379 0
v -0.184486406432002 -0.8820141441317541 0
v -0.180416338693335 -0.871203953443128 0
v -0.176346270954668 -0.860393762754503 0
v -0.172276203216001 -0.849583572065877 0
v -0.168206135477334 -0.838773381377251 0
v -0.164136067738667 -0.827963190688626 0
v -0.200292855900168 -0.815359004328428 0
v -0.204309711800335 -0.825943008656856 0
v -0.208326567700503 -0.836527012985284 0
v -0.21234342360067 -0.847111017313712 0
v -0.216360279500838 -0.85769502164214 0
v -0.220377135401006 -0.8682790259705681 0
v -0.224393991301173 -0.878863030298996 0
v -0.435848056393864 -0.8462860697856071 0
v -0.430962112787727 -0.832982139571215 0
v -0.426076169181591 -0.819678209356822 0
v -0.421190225575454 -0.80637427914243 0
v -0.416304281969318 -0.793070348928037 0
v -0.411418338363181 -0.779766418713644 0
v -0.406532394757045 -0.766462488499252 0
v -0.411384838363181 -0.726538418713644 0
v -0.421123225575454 -0.69991827914243 0
v -0.430861612787727 -0.673298139571215 0
v -0.362650612673126 -0.722053174619084 0
v -0.382392741782084 -0.693491783079389 0
v -0.402134870891042 -0.664930391539695 0
v -0.222674384314389 -0.781501786543794 0
v -0.235661768628778 -0.771698573087589 0
v -0.248649152943168 -0.761895359631383 0
v -0.261636537257557 -0.7520921461751779 0
v -0.274623921571946 -0.742288932718972 0
v -0.287611305886335 -0.732485719262766 0
v -0.300598690200725 -0.722682505806561 0
v -0.336738305886335 -0.689883469262766 0
v -0.359890537257557 -0.666887646175178 0
v -0.383042768628778 -0.643891823087589 0
v -0.314011906894739 -0.663119405383254 0
v -0.341929604596492 -0.6448339369221689 0
v -0.369847302298246 -0.626548468461085 0
v -0.217178151149123 -0.775713359230542 0
v -0.227023302298246 -0.762240718461085 0
v -0.236868453447369 -0.748768077691627 0
v -0.246713604596492 -0.735295436922169 0
v -0.256558755745616 -0.7218227961527121 0
v -0.266403906894739 -0.708350155383254 0
v -0.276249058043862 -0.694877514613796 0
v -0.284923957725604 -0.631624930562366 0
v -0.320296971817069 -0.619181953708244 0
v -0.355669985908535 -0.606738976854122 0
v -0.205717417938391 -0.7663162552357879 0
v -0.212508835876782 -0.747375510471576 0
v -0.219300253815174 -0.728434765707364 0
v -0.226091671753565 -0.7094940209431519 0
v -0.238439041006017 -0.675058153258122 0
v -0.243994992320078 -0.659563030337305 0
v -0.281786253930557 -0.588456349288676 0
v -0.315295835953705 -0.580279566192451 0
v -0.348805417976852 -0.572102783096225 0
v -0.178627922029712 -0.621145996686129 0
v -0.154694948019808 -0.613410997790753 0
v -0.130761974009904 -0.605675998895376 0
v -0.139316934381482 -0.57900262647698 0
v -0.166556868762964 -0.583410252953961 0
v -0.193796803144446 -0.587817879430941 0
v -0.221036737525928 -0.592225505907921 0
v -0.279390725875985 -0.549669180544609 0
v -0.312508817250657 -0.546471120363073 0
v -0.345626908625328 -0.543273060181536 0
v -0.139845726900263 -0.555926248145229 0
v -0.166452453800525 -0.555161496290458 0
v -0.193059180700788 -0.554396744435687 0
v -0.219665907601051 -0.553631992580916 0
v -0.676172988583787 -0.457816357434597 0
v -0.703584977167574 -0.457285714869195 0
v -0.73099696575136 -0.456755072303792 0
v -0.772117460043254 -0.456263751021091 0
v -0.78582596575136 -0.456303072303792 0
v -0.799534471459467 -0.456342393586494 0
v -0.813242977167574 -0.456381714869195 0
v -0.82695148287568 -0.456421036151896 0
v -0.840659988583787 -0.456460357434597 0
v -0.854368494291893 -0.456499678717299 0
v -0.6725131926553241 -0.429438357259856 0
v -0.699468385310648 -0.420764714519713 0
v -0.726423577965973 -0.412091071779569 0
v -0.767404799293635 -0.401487625409497 0
v -0.781430827965973 -0.399557821779569 0
v -0.795456856638311 -0.397628018149641 0
v -0.809482885310648 -0.395698214519713 0
v -0.823508913982986 -0.393768410889785 0
v -0.837534942655324 -0.391838607259856 0
v -0.851560971327662 -0.389908803629928 0
v -0.756913257742154 -0.359390165147946 0
v -0.771335792350418 -0.35619357012681 0
v -0.785758326958682 -0.352996975105675 0
v -0.800180861566945 -0.34980038008454 0
v -0.814603396175209 -0.346603785063405 0
v -0.829025930783473 -0.34340719004227 0
v -0.843448465391736 -0.340210595021135 0
v -0.662135180783473 -0.39999244004227 0
v -0.688920361566945 -0.38752388008454 0
v -0.7157055423504179 -0.37505532012681 0
v -0.739850999667433 -0.31362727955394 0
v -0.755158142572085 -0.309759239617662 0
v -0.770465285476738 -0.305891199681385 0
v -0.7857724283813901 -0.302023159745108 0
v -0.801079571286043 -0.298155119808831 0
v -0.816386714190695 -0.294287079872554 0
v -0.831693857095348 -0.290419039936277 0
v -0.6494082141906951 -0.375187329872554 0
v -0.67445342838139 -0.355956659745108 0
v -0.699498642572085 -0.336725989617663 0
v -0.6296044757942451 -0.34708028263272 0
v -0.652686951588489 -0.321013565265441 0
v -0.675769427382734 -0.294946847898161 0
v -0.715500915279856 -0.263792989214521 0
v -0.732149927382734 -0.258705847898161 0
v -0.748798939485611 -0.253618706581801 0
v -0.765447951588489 -0.248531565265441 0
v -0.7820969636913671 -0.24344442394908 0
v -0.798745975794245 -0.23835728263272 0
v -0.8153949878971219 -0.23327014131636 0
v -0.722954570735286 -0.206569629766746 0
v -0.738718975612738 -0.201911191472288 0
v -0.754483380490191 -0.197252753177831 0
v -0.770247785367643 -0.192594314883373 0
v -0.7860121902450951 -0.187935876588915 0
v -0.801776595122548 -0.183277438294458 0
v -0.60747757979882 -0.33025261158732 0
v -0.62439915959764 -0.29965722317464 0
v -0.574508977429715 -0.318408616728143 0
v -0.577279311803111 -0.226577409961453 0
v -0.542457916913063 -0.197205412787473 0
v -0.525187458456531 -0.182637706393737 0
v -0.554219800462826 -0.146156168220812 0
v -0.571526600925651 -0.158011336441623 0
v -0.588833401388477 -0.169866504662435 0
v -0.606140201851303 -0.181721672883247 0
v -0.434084546223376 -0.341313378527985 0
v -0.391082663787838 -0.357846767594012 0
v -0.36874788505045 -0.295852356792016 0
v -0.370117442525225 -0.268114178396008 0
v -0.40245169748225 -0.25986525235199 0
v -0.410389394964501 -0.28357350470398 0
v -0.330911448659659 -0.275891178491303 0
v -0.33948322432983 -0.255061089245651 0
v -0.365191380741824 -0.389950375408049 0
v -0.435411055332242 -0.246054549978985 0
v -0.446853110664484 -0.268575099957971 0
v -0.472809582998363 -0.326096324968478 0
v -0.47231685722086 -0.228387000380223 0
v -0.48517171444172 -0.251600000760446 0
v -0.50871528583129 -0.313153000570334 0
v -0.138045825342817 -0.523574739966251 0
v -0.164333650685633 -0.520573479932503 0
v -0.19062147602845 -0.517572219898754 0
v -0.216909301371266 -0.514570959865006 0
v -0.276142595035562 -0.508665274873443 0
v -0.309088063357041 -0.505760849915629 0
v -0.342033531678521 -0.502856424957814 0
v -0.134614294781615 -0.490878313486315 0
v -0.160773589563229 -0.484567626972631 0
v -0.186932884344844 -0.478256940458946 0
v -0.213092179126459 -0.471946253945262 0
v -0.272820605431055 -0.466418925573683 0
v -0.306389736954037 -0.467202283715789 0
v -0.339958868477018 -0.467985641857894 0
v -0.316872021404208 -0.389045084381288 0
v -0.350303010702104 -0.405576542190644 0
v -0.341178431325869 -0.419316775065079 0
v -0.303859862651737 -0.404773550130159 0
v -0.266541293977606 -0.390230325195238 0
v -0.175292606282218 -0.32918294610272 0
v -0.158442704711664 -0.31465320957704 0
v -0.141592803141109 -0.30012347305136 0
v -0.124742901570555 -0.28559373652568 0
v -0.134731008704689 -0.27262164291219 0
v -0.152383017409378 -0.28563828582438 0
v -0.170035026114068 -0.29865492873657 0
v -0.187687034818757 -0.31167157164876 0
v -0.287260804248075 -0.294618194758953 0
v -0.30417120283205 -0.272337463172635 0
v -0.321081601416025 -0.250056731586317 0
v -0.129143734419287 -0.463868269331601 0
v -0.155349468838574 -0.451437538663201 0
v -0.181555203257861 -0.439006807994802 0
v -0.207760937677148 -0.426576077326403 0
v -0.269629004072326 -0.420677759993502 0
v -0.305291336048218 -0.427210173329002 0
v -0.340953668024109 -0.433742586664501 0
v -0.120707866850291 -0.451539318328937 0
v -0.143502733700583 -0.435605636657874 0
v -0.166297600550874 -0.419671954986812 0
v -0.498422449894731 -0.214511511956697 0
v -0.515750899789461 -0.238002023913393 0
v -0.536179174842096 -0.305168267935045 0
v -0.558097652271811 -0.273638384663188 0
v -0.5526720000000001 -0.349037 0
v -0.284104064209652 -0.252104269449658 0
v -0.306966532104826 -0.235706134724829 0
v -0.153954744966537 -0.240953211792794 0
v -0.172426489933074 -0.251154423585588 0
v -0.190898234899611 -0.261355635378382 0
v -0.165377288762478 -0.221835647785353 0
v -0.188344577524956 -0.228890295570706 0
v -0.211311866287434 -0.235944943356059 0
v -0.263796103366608 -0.230384727427608 0
v -0.293313051683304 -0.217769863713804 0
v -0.171246038071563 -0.986273296559613 0
v -0.171755076143125 -0.974976593119226 0
v -0.172264114214688 -0.963679889678839 0
v -0.172773152286251 -0.952383186238452 0
v -0.173282190357813 -0.9410864827980649 0
v -0.174267350670898 -0.919223552459678 0
v -0.168774765456431 -0.89992540855831 0
v -0.156424715000368 -0.881857909629118 0
v -0.150043372000294 -0.872522327703295 0
v -0.143662029000221 -0.863186745777471 0
v -0.137280686000147 -0.8538511638516471 0
v -0.130899343000074 -0.844515581925824 0
v -0.154350343869429 -0.90388517476078 0
v -0.159842929083896 -0.923183318662148 0
v -0.116373 -0.982282 0
v -0.0890366882897361 -0.933286142994436 0
v -0.100408276579472 -0.929944285988873 0
v -0.111779864869208 -0.926602428983309 0
v -0.123151453158944 -0.923260571977745 0
v -0.134523041448681 -0.919918714972181 0
v -0.0864719 -0.875362 0
v -0.19224291588022 -0.659825310065784 0
v -0.197401905959918 -0.644353152823645 0
v -0.180014883100085 -0.760546985451854 0
v -0.181717766200169 -0.740010970903707 0
v -0.185252287550388 -0.697386211831742 0
v -0.168193727901934 -0.663703160227719 0
v -0.122960065001673 -0.635939926573758 0
v -0.0996944 -0.614548 0
v -0.104778 -0.6036010000000001 0
v -0.139508046202607 -0.6763390904301489 0
v -0.156566605851061 -0.710022142034172 0
v -0.102310681200934 -0.671295163856391 0
v -0.0849295 -0.6340209999999999 0
v -0.151266 -0.779744 0
v -0.130830187467289 -0.753674442570928 0
v -0.130271374934579 -0.7271218851418551 0
v -0.0687338258930069 -0.683295233105897 0
v -0.0869751172620046 -0.760165155403931 0
v -0.0839113345240092 -0.737655310807862 0
v -0.0359859313262221 -0.763870501959064 0
v -0.0342081626524443 -0.743068003918127 0
v -0.0261742969893332 -0.691579252938596 0
v 0.19310121548153 -0.668811576256736 0
v 0.154940980604641 -0.692674465052205 0
v 0.150621640806188 -0.75105795340294 0
v 0.139878320403094 -0.77315297670147 0
v 0.178375474814 -0.803922075839652 0
v 0.189793949628 -0.789876151679304 0
v 0.105445476243403 -0.744782812384527 0
v 0.101315388121701 -0.765444906192263 0
v 0.109730782182552 -0.692514859288395 0
v 0.0184086736182638 -0.694095566262566 0
v 0.0146721157455092 -0.763885044175044 0
v 0.0157191314910184 -0.743944088350087 0
v 0.0635116910104515 -0.693286055185246 0
v 0.0643014880139354 -0.743192406913662 0
v 0.0623407940069677 -0.763147703456831 0
v -0.112488436969965 -0.389822999300572 0
v -0.146054017686988 -0.354010048100801 0
v -0.117640651077972 -0.426199928500552 0
v -0.104284975538986 -0.443040464250276 0
v -0.0770459 -0.450496 0
v -0.07541838244099081 -0.420247535283439 0
v -0.0846994648819817 -0.395267070566878 0
v -0.0864788315486484 -0.344715403900211 0
v -0.0789771157743242 -0.319144201950106 0
v -0.106337284033073 -0.300847973704331 0
v -0.119201368066146 -0.318066947408662 0
v -0.0396212829186318 -0.343614805086901 0
v -0.0383251914593159 -0.32098190254345 0
v -0.0338063914593159 -0.411026569210117 0
v -0.0373618829186318 -0.388637138420234 0
v -0.000328472968598172 -0.406866950057347 0
v -0.00132702893719634 -0.384902900114694 0
v -0.00393686660386301 -0.341011233448027 0
v -0.00554814830193151 -0.319083616724014 0
v 0.0373563987461405 -0.3410934444578 0
v 0.0397290993730703 -0.3201542222289 0
v 0.0373215660397369 -0.4041142222289 0
v 0.0361526320794738 -0.3830734444578 0
v 0.075446831233034 -0.402163666631361 0
v 0.0739133624660679 -0.382210333262722 0
v 0.0736045291327346 -0.342282333262722 0
v 0.0748291645663673 -0.322307666631361 0
v 0.144388281738829 -0.333925866001992 0
v 0.134305140869414 -0.311972433000996 0
v 0.1083407002708 -0.319283712087657 0
v 0.113110400541599 -0.339916424175315 0
v 0.112118033604133 -0.402509045420991 0
v 0.114999067208266 -0.381529090841982 0
v 0.156764339414174 -0.379174977482697 0
v 0.152210169707087 -0.403603988741348 0
v 0.178722708951943 -0.413436776832251 0
v 0.185210417903886 -0.394260553664503 0
v 0.173417874494822 -0.308265673497228 0
v 0.162007437247411 -0.291543836748614 0
v 0.139220169707087 -0.310229322074682 0
v 0.150269339414174 -0.332487644149363 0
v 0.398147209180791 -0.213933182670737 0
v 0.36157453133689 -0.204413247407552 0
v 0.35065806267378 -0.241391494815104 0
v 0.209632093443152 -0.300759805768102 0
v 0.193850395628768 -0.288357537178735 0
v 0.178068697814384 -0.275955268589367 0
v 0.205190051561787 -0.424630197689097 0
v 0.215576103123575 -0.407454395378193 0
v 0.225962154685362 -0.39027859306729 0
v -0.165568041668369 -0.197522562773544 0
v -0.187424083336738 -0.195182125547088 0
v -0.209280125005107 -0.192841688320632 0
v -0.259230111115651 -0.182097834062784 0
v -0.287324055557825 -0.173694417031392 0
v -0.722716592990894 -0.143604438987275 0
v -0.737189074392715 -0.13759435118982 0
v -0.751661555794536 -0.131584263392365 0
v -0.766134037196358 -0.12557417559491 0
v -0.780606518598179 -0.119564087797455 0
v -0.580921081295578 -0.109324914376101 0
v -0.601190162591155 -0.121228928752202 0
v -0.621459243886732 -0.133132943128303 0
v -0.718232383660969 -0.09177583282257409 0
v -0.732491537745727 -0.0853038246169306 0
v -0.746750691830484 -0.0788318164112871 0
v -0.761009845915242 -0.0723598082056435 0
v -0.596321541754688 -0.08379804010459729 0
v -0.620975083509376 -0.09236208020919461 0
v -0.609347440629975 -0.0581955940126921 0
v -0.64036988125995 -0.06257058802538421 0
v -0.68762385751194 -0.057464605630461 0
v -0.703855393133955 -0.0479836292228457 0
v -0.72008692875597 -0.0385026528152305 0
v -0.736318464377985 -0.0290216764076152 0
v -0.659139092728132 0.0166345898959611 0
v -0.671346819546099 0.0259751924219708 0
v -0.683554546364066 0.0353157949479805 0
v -0.695762273182033 0.0446563974739903 0
v -0.731315 0.0178664 0
v -0.659161843900045 -0.0298257973340625 0
v -0.579388 -0.0401764 0
v -0.5992544553033879 -0.0114728708766829 0
v -0.623092910606777 -0.00208944175336579 0
v -0.6328433452301609 0.0558170362824687 0
v -0.643918258922621 0.0657138022118515 0
v -0.6549931726150811 0.07561056814123431 0
v -0.66606808630754 0.0855073340706172 0
v -0.581565477179234 0.0170268434510286 0
v -0.601666954358468 0.0314735569020572 0
v -0.601763403062932 0.09092354217775871 0
v -0.612125052297199 0.101768906633319 0
v -0.622486701531466 0.112614271088879 0
v -0.632848350765733 0.12345963554444 0
v -0.558372584609555 0.0425426592407328 0
v -0.57488716921911 0.0613104184814656 0
v -0.238843033983108 -0.136301356251004 0
v -0.262999016991554 -0.122532678125502 0
v -0.158208262743666 -0.176975508594127 0
v -0.177034525487331 -0.168007017188253 0
v -0.195860788230997 -0.15903852578238 0
v -0.22134783573814 -0.103847308576652 0
v -0.24748891786907 -0.0928649042883261 0
v -0.144380188401803 -0.153388178216245 0
v -0.161322376803605 -0.140535356432489 0
v -0.178264565205408 -0.127682534648734 0
v -0.208775748611292 -0.0769717624717851 0
v -0.239693374305646 -0.0733986312358926 0
v -0.127210530729235 -0.128904973426919 0
v -0.144093061458469 -0.112784946853839 0
v -0.160975592187704 -0.09666492028075831 0
v -0.0939208431710702 -0.0946234950335658 0
v -0.10879128634214 -0.0730789900671316 0
v -0.191061335319139 -0.0211303957313831 0
v -0.232004167659569 -0.0290572478656916 0
v -0.146377402447449 0.0228461095922785 0
v -0.130984768706208 0.0305955913268988 0
v -0.115592134964966 0.038345073061519 0
v -0.100199501223725 0.0460945547961393 0
v -0.08480686748248301 0.0538440365307595 0
v -0.0694142337412415 0.0615935182653798 0
v -0.0753106792454105 0.07809715298634611 0
v -0.09206285849082101 0.0742362059726922 0
v -0.108815037736231 0.0703752589590384 0
v -0.125567216981642 0.0665143119453845 0
v -0.142319396227052 0.0626533649317306 0
v -0.159071575472463 0.0587924179180768 0
v -0.213370836478582 0.0408147806029486 0
v -0.250917918239291 0.0266980903014743 0
v -0.23941534539623 -0.00585419071411391 0
v -0.20059269079246 0.00462121857177218 0
v -0.225432383280327 0.0734551220250443 0
v -0.262025691640163 0.0533552610125222 0
v -0.08369475356007 0.115241569005367 0
v -0.10121880712014 0.111627138010733 0
v -0.11874286068021 0.1080127070161 0
v -0.13626691424028 0.104398276021467 0
v -0.15379096780035 0.100783845026833 0
v -0.17131502136042 0.09716941403219979 0
v -0.137358889462524 -0.00435951042325058 0
v -0.12459927594634 0.00448452275057353 0
v -0.0957032468226169 0.0245131419432982 0
v -0.079566831215078 0.0356977279621988 0
v -0.063430415607539 0.0468823139810994 0
v -0.110877780715218 -0.0426773496846902 0
v -0.0980938319172259 -0.033820214268683 0
v -0.07516098454688699 -0.0146275889912876 0
v -0.0455070929872703 0.0155715004350504 0
v -0.072634 -0.111998 0
v -0.0659436 -0.108383 0
v -0.0676446740257385 -0.07895617663382901 0
v -0.530846966584293 0.0673496606922053 0
v -0.547315933168585 0.0866864213844106 0
v -0.573547519802302 0.117725345661293 0
v -0.583310139851727 0.12942750924597 0
v -0.593072759901151 0.141129672830646 0
v -0.602835379950576 0.152831836415323 0
v -0.502700414634125 0.0878622155605412 0
v -0.51488182926825 0.111069831121082 0
v -0.536294795121901 0.147008957345299 0
v -0.5455263463414251 0.159740468008974 0
v -0.55475789756095 0.172471978672649 0
v -0.563989448780475 0.185203489336325 0
v -0.496742478508808 0.171937284220488 0
v -0.505337108881606 0.185915463165366 0
v -0.5139317392544041 0.199893642110244 0
v -0.522526369627202 0.213871821055122 0
v -0.468054616045336 0.10708663509187 0
v -0.478101232090673 0.13252287018374 0
v -0.450378841719128 0.194568587947966 0
v -0.457485131289346 0.210359690960974 0
v -0.464591420859564 0.226150793973983 0
v -0.471697710429782 0.241941896986991 0
v -0.430300184049637 0.122532694978319 0
v -0.436786368099273 0.150655089956638 0
v -0.403099603384925 0.208901600269136 0
v -0.410232952538694 0.226390950201852 0
v -0.417366301692462 0.243880300134568 0
v -0.424499650846231 0.261369650067284 0
v -0.400370751410385 0.128606016778807 0
v -0.398168502820771 0.160009133557613 0
v -0.337455697505579 0.217210468283451 0
v -0.342589273129184 0.238743101212588 0
v -0.347722848752789 0.260275734141725 0
v -0.352856424376395 0.281808367070863 0
v -0.391066 0.293462 0
v -0.364144188056565 0.193545042845367 0
v -0.380886 0.0947524 0
v -0.355109373960658 0.125497545118104 0
v -0.343715747921316 0.160587690236209 0
v -0.254730386964817 0.138611048786419 0
v -0.288179693482408 0.100672474393209 0
v -0.276572379162425 0.08068490615131919 0
v -0.241711758324849 0.109540612302638 0
v -0.187486346417663 0.139469844389107 0
v -0.168121555348053 0.140543370324255 0
v -0.148756764278442 0.141616896259404 0
v -0.129391973208832 0.142690422194553 0
v -0.110027182139221 0.143763948129702 0
v -0.0906623910696106 0.144837474064851 0
v -0.08901853937980291 0.157041647025944 0
v -0.106867678759606 0.159674294051888 0
v -0.124716818139409 0.162306941077833 0
v -0.142565957519212 0.164939588103777 0
v -0.160415096899015 0.167572235129721 0
v -0.229742198596992 0.246585980157109 0
v -0.232988132397995 0.273453986771406 0
v -0.236234066198997 0.300321993385703 0
v -0.28647325752928 0.29283188973782 0
v -0.282268515058561 0.26678877947564 0
v -0.278063772587841 0.24074566921346 0
v -0.273859030117122 0.214702558951279 0
v -0.292886858430935 0.151331599126066 0
v -0.316119429215468 0.114003749563033 0
v -0.176961899241446 0.280200216497387 0
v -0.178088449620723 0.306850608248694 0
v -0.08238614271937519 0.173186797720068 0
v -0.09688228543875051 0.179969595440136 0
v -0.111378428158126 0.186752393160204 0
v -0.125874570877501 0.193535190880272 0
v -0.127566496069677 0.312849763909909 0
v -0.06470257303483851 0.191991631954954 0
v -0.07382734606967691 0.199259263909909 0
v -0.0829521191045154 0.206526895864863 0
v -0.0342657548228537 0.231503423390337 0
v -0.0440632096457075 0.244625846780675 0
v -0.0538606644685612 0.257748270171012 0
v -0.0606196096457075 0.303482346780675 0
v -0.0608535440956868 -0.0433734723619918 0
v -0.0481184 -0.102284 0
v -0.0430253200699484 -0.0676547957281627 0
v -0.0270840050699484 -0.00621589572816274 0
v 0.0438823456027358 -0.0266985614836778 0
v 0.009256016112530021 -0.0179048954321256 0
v -0.00553398388746998 -0.0731731004321256 0
v 0.0266750456027358 -0.0815554964836778 0
v 0.07774259959815839 -0.0340893293817882 0
v 0.0612400995981584 -0.0945598493817882 0
v -0.0169416899537622 0.306879489185873 0
v -0.0121276074768811 0.239226494592936 0
v -0.0147482649537622 0.252689989185873 0
v -0.0173689224306434 0.266153483778809 0
v 0.0623548808569816 0.303737283654466 0
v 0.0257742486465741 0.305506453395922 0
v 0.0215411229698612 0.266888430093884 0
v 0.0214361486465741 0.253905953395922 0
v 0.0213311743232871 0.240923476697961 0
v 0.0616461654284908 0.241645391827233 0
v 0.0610113308569816 0.254084783654466 0
v 0.0603764962854724 0.266524175481698 0
v 0.112295617270627 -0.0364792850229482 0
v 0.109091267270627 -0.106895190022948 0
v 0.23652384177284 -0.0889149051297938 0
v 0.22579502646296 -0.06775875994009251 0
v 0.15006202646296 -0.114425259940092 0
v 0.16873584177284 -0.135387005129794 0
v 0.172521554196591 -0.13964018225426 0
v 0.193200446988203 -0.165484967519351 0
v 0.257402946988203 -0.123429467519351 0
v 0.239172554196591 -0.09399948225426 0
v 0.14710452646296 -0.0322500249400925 0
v 0.09786392749944239 0.266447716560705 0
v 0.09591541833296161 0.254439477707136 0
v 0.0939669091664808 0.242431238853568 0
v 0.124329340743217 0.23626125938591 0
v 0.129186681486433 0.24924951877182 0
v 0.13404402222965 0.26223777815773 0
v 0.135771681486433 0.30278251877182 0
v 0.0997521183329616 0.302786477707136 0
v 0.239865078646623 -0.0280633568088806 0
v 0.179957578646623 0.008937393191119421 0
v 0.162329627749921 0.304456703302555 0
v 0.156997313874961 0.226916851651277 0
v 0.163718627749921 0.242551703302555 0
v 0.170439941624882 0.258186554953832 0
v 0.1869855471815 0.218842659861304 0
v 0.198007094363 0.238101319722607 0
v 0.2090286415445 0.257359979583911 0
v 0.193127594363 0.311898319722607 0
v 0.204157429904959 0.0387537618092909 0
v 0.255781429904959 -0.00110583819070906 0
v 0.08018841911159991 0.693046103507301 0
v 0.09182019159591021 0.642785294423822 0
v 0.14815294159591 0.654176294423822 0
v 0.1380655691116 0.7012736035073009 0
v 0.133846180728346 0.7394026700249891 0
v 0.07318513072834611 0.7383026700249889 0
v 0.135441315798024 0.7813335397686449 0
v 0.06849191579802361 0.784669539768645 0
v 0.143503184886965 0.819898665202164 0
v 0.151892098379874 0.840541357375991 0
v 0.0673261348869654 0.838583165202164 0
v 0.175983118758734 0.579123849137924 0
v 0.158214824598759 0.619494254910523 0
v 0.105860424598759 0.602358254910523 0
v 0.129544118758734 0.556171349137924 0
v 0.225066539944562 0.522933548798416 0
v 0.196951689006584 0.548750929296964 0
v 0.154939189006584 0.518447929296964 0
v 0.185177539944562 0.480990048798416 0
v 0.142710162318009 0.936572161142588 0
v 0.177839662318009 0.855296161142588 0
v 0.183602672751954 0.95047674068509 0
v 0.200707672751954 0.86297424068509 0
v 0.320798155657099 -0.763749833360711 0
v 0.343213866742824 -0.755114375020534 0
v 0.365629577828549 -0.746478916680356 0
v 0.388045288914275 -0.7378434583401779 0
v 0.37610610271821 -0.709498846661944 0
v 0.35086320543642 -0.716488693323888 0
v 0.32562030815463 -0.723478539985832 0
v 0.300377410872841 -0.730468386647775 0
v 0.239379850555773 -0.778980172636123 0
v 0.222812567037182 -0.798219781757415 0
v 0.206245283518591 -0.817459390878708 0
v 0.235042888914275 -0.844639458340178 0
v 0.250877777828549 -0.826575916680356 0
v 0.266712666742824 -0.808512375020534 0
v 0.282547555657099 -0.790448833360711 0
v 0.235354297550537 -0.688273779296424 0
v 0.214065648775269 -0.661952389648212 0
v 0.373848747686813 -0.821311641433221 0
v 0.405862364825052 -0.797189189949645 0
v 0.421188182412526 -0.785641094974822 0
v 0.401212807583126 -0.760745201040947 0
v 0.381498615166251 -0.771141402081894 0
v 0.361784422749377 -0.781537603122841 0
v 0.342070230332503 -0.791933804163788 0
v 0.309441230332503 -0.820494204163788 0
v 0.296526422749377 -0.838658403122841 0
v 0.283611615166251 -0.856822602081894 0
v 0.270696807583126 -0.8749868010409469 0
v 0.3294935744048 -0.909129428367627 0
v 0.336116148809601 -0.891118856735253 0
v 0.349949835675225 -0.8534971415224269 0
v 0.276733718269213 -0.647818624570956 0
v 0.256695812179475 -0.634050416380638 0
v 0.236657906089738 -0.620282208190319 0
v 0.204043 -0.6239130000000001 0
v 0.285953068975001 -0.6995225330354971 0
v 0.396456 -0.679549 0
v 0.37445352487179 -0.657321366552255 0
v 0.35503304974358 -0.65838773310451 0
v 0.335612574615371 -0.659454099656765 0
v 0.316192099487161 -0.6605204662090201 0
v 0.378311551260988 -0.612230973561755 0
v 0.361627102521976 -0.61028394712351 0
v 0.344942653782964 -0.608336920685264 0
v 0.328258205043952 -0.6063898942470189 0
v 0.292691567228705 -0.59525915085658 0
v 0.27380937815247 -0.586075433904387 0
v 0.254927189076235 -0.576891716952193 0
v 0.27150962670377 -0.390834472594929 0
v 0.257396220027827 -0.407236604446197 0
v 0.243282813351885 -0.423638736297464 0
v 0.229169406675942 -0.440040868148732 0
v 0.254939077732673 -0.473145280983712 0
v 0.269187155465347 -0.462560561967423 0
v 0.28343523319802 -0.451975842951135 0
v 0.390436706227167 -0.441073755022221 0
v 0.403092529670375 -0.447512566266666 0
v 0.415748353113583 -0.45395137751111 0
v 0.428404176556792 -0.460390188755555 0
v 0.452736411975615 -0.407763489873218 0
v 0.43738982395123 -0.398295979746436 0
v 0.422043235926846 -0.388828469619655 0
v 0.406696647902461 -0.379360959492873 0
v 0.391350059878076 -0.369893449366091 0
v 0.383916902833815 -0.582717133159291 0
v 0.36848580566763 -0.579036266318583 0
v 0.353054708501445 -0.575355399477874 0
v 0.337623611335261 -0.5716745326371661 0
v 0.303858635626807 -0.560437249347343 0
v 0.285524757084538 -0.552880832898228 0
v 0.267190878542269 -0.545324416449114 0
v 0.312016778981642 -0.528065261999466 0
v 0.292250852654428 -0.5263445079996441 0
v 0.272484926327214 -0.524623753999822 0
v 0.392114941061771 -0.549560403199858 0
v 0.377031882123542 -0.544616806399715 0
v 0.361948823185314 -0.539673209599573 0
v 0.346865764247085 -0.534729612799431 0
v 0.272775613679534 -0.497367730277717 0
v 0.294456227359069 -0.491587460555435 0
v 0.316136841038603 -0.485807190833152 0
v 0.35439696377451 -0.486906936888695 0
v 0.370976472830883 -0.493786952666522 0
v 0.387555981887255 -0.500666968444348 0
v 0.404135490943627 -0.507546984222174 0
v 0.399947125273567 -0.835170533100694 0
v 0.376048213261978 -0.8673560331899 0
v 0.446764120007798 -0.832347319734698 0
v 0.454396 -0.796266 0
v 0.370464 -0.9383 0
v 0.418373790364312 -0.908228782364269 0
v 0.22611914689911 -0.433688266016172 0
v 0.24204529379822 -0.414999532032343 0
v 0.257971440697331 -0.396310798048515 0
v 0.273897587596441 -0.377622064064687 0
v 0.255861542341513 -0.297049374525884 0
v 0.233487656756135 -0.286934030894413 0
v 0.211113771170756 -0.276818687262942 0
v 0.188739885585378 -0.266703343631471 0
v 0.272333480460514 -0.265316829235697 0
v 0.252087707294234 -0.261224113804859 0
v 0.201024967063977 -0.25090169918701 0
v 0.34586881330054 -0.245222028675628 0
v 0.35917990665027 -0.206328514337814 0
v 0.33635962530228 -0.186898898151818 0
v 0.298832128307255 -0.206813752795788 0
v 0.276041006009951 -0.198955709287939 0
v 0.336196 -0.150829 0
v 0.326971 -0.144253 0
v 0.283739441856324 -0.162039332890045 0
v 0.211762941856324 -0.198366332890045 0
v 0.275891386374875 0.0248319981932079 0
v 0.225599886374875 0.0646225681932079 0
v 0.299153517247357 0.0562494092831671 0
v 0.241131017247357 0.0891084592831671 0
v 0.316323516333938 0.08865863096370109 0
v 0.248787516333938 0.112658630963701 0
v 0.478148475756601 -0.365595381710142 0
v 0.461801951513202 -0.352950763420285 0
v 0.445455427269803 -0.340306145130427 0
v 0.411315228046715 -0.313897485950787 0
v 0.152199615072162 -0.379930532668659 0
v 0.149927807536081 -0.403981766334329 0
v 0.422613790085727 -0.262358029948782 0
v 0.507355540452468 -0.320575923639023 0
v 0.488002080904936 -0.303553847278046 0
v 0.468648621357404 -0.286531770917069 0
v 0.436047080904936 -0.219692847278046 0
v 0.411593 -0.172214 0
v 0.234126294124581 0.157246009696962 0
v 0.350517820036823 0.109318104832775 0
v 0.267736365502054 0.183978519848434 0
v 0.235263182751027 0.173524759924217 0
v 0.359828350224873 0.120757258323674 0
v 0.344745700449746 0.151356316647349 0
v 0.467286036925174 0.179625694496788 0
v 0.435568769762927 0.196066595778967 0
v 0.404882769762927 0.131825195778967 0
v 0.443603536925174 0.115451294496788 0
v 0.423339545825014 0.217177624064247 0
v 0.401392820491423 0.253972489511508 0
v 0.379155640982846 0.239416979023017 0
v 0.386072123640913 0.126502526240266 0
v 0.468756394162787 -0.198521243329804 0
v 0.543464697081394 -0.282912871664902 0
v 0.526502394162787 -0.267720743329804 0
v 0.509540091244181 -0.252528614994706 0
v 0.493002332943702 -0.17777948353038 0
v 0.570447166471851 -0.25174024176519 0
v 0.553599332943702 -0.23830848353038 0
v 0.536751499415554 -0.22487672529557 0
v 0.511975639350121 -0.156415556044698 0
v 0.59739631967506 -0.211931528022349 0
v 0.579372639350121 -0.202211056044698 0
v 0.561348959025181 -0.192490584067046 0
v 0.529293398103222 -0.128873698641325 0
v 0.616409199051611 -0.163642349320663 0
v 0.598076398103222 -0.158780698641325 0
v 0.579743597154832 -0.153919047961988 0
v 0.544077542682781 -0.0955319251359448 0
v 0.626110771341391 -0.122993037567972 0
v 0.609005542682781 -0.119401075135945 0
v 0.591900314024172 -0.115809112703917 0
v 0.635063080903273 -0.0932585898161675 0
v 0.619705161806546 -0.08677457963233499 0
v 0.604347242709819 -0.0802905694485026 0
v 0.559267161806546 -0.058699429632335 0
v 0.646498908577839 0.111067479960664 0
v 0.6023541035800269 0.0873743535933743 0
v 0.62545021148477 0.149602524307124 0
v 0.616435158613578 0.166106893230343 0
v 0.607420105742385 0.182611262153562 0
v 0.5984050528711919 0.199115631076781 0
v 0.574112555090239 0.178404959883044 0
v 0.584110656366182 0.136220728307578 0
v 0.5872992025518869 0.122767536849068 0
v 0.538703331224668 0.0607341634149297 0
v 0.52501 0.0313008 0
v 0.558892819474154 0.0359645872653971 0
v 0.586556638948308 0.0506994745307943 0
v 0.576513615215261 -0.0171103296389087 0
v 0.653256557607631 -0.0609226148194544 0
v 0.639888115215262 -0.0481123296389087 0
v 0.626519672822892 -0.0353020444583631 0
v 0.565783448566047 0.0161328541057653 0
v 0.684073984663495 -0.0420231654577853 0
v 0.676760969326989 -0.0288905309155706 0
v 0.669447953990484 -0.0157578963733559 0
v 0.707402249486028 -0.0239097119891411 0
v 0.698995498972056 -0.00448022397828227 0
v 0.690588748458084 0.0149492640325766 0
v 0.6821819979441121 0.0343787520434355 0
v 0.498580132920809 0.170667553689844 0
v 0.481610132920809 0.105887003689844 0
v 0.533021817809583 0.163759330413205 0
v 0.511773817809583 0.0954782304132047 0
v 0.542901644562555 0.110935782827559 0
v 0.551569653505945 0.0959359048287094 0
v 0.499074 0.057505 0
v 0.5083490000000001 0.0492193 0
v 0.67984743580197 0.124869511201587 0
v 0.666387696501642 0.141034759334656 0
v 0.652927957201314 0.157200007467725 0
v 0.639468217900985 0.173365255600794 0
v 0.626008478600657 0.189530503733862 0
v 0.612548739300328 0.205695751866931 0
v 0.753118695850383 0.00156329384475306 0
v 0.741156391700766 0.0229914876895061 0
v 0.729194087551149 0.0444196815342592 0
v 0.717231783401532 0.0658478753790122 0
v 0.705269479251916 0.0872760692237653 0
v 0.818388 0.0218244 0
v 0.831770514801646 0.0883599087430372 0
v 0.809239029603292 0.09766671748607431 0
v 0.786707544404937 0.106973526229111 0
v 0.764176059206583 0.116280334972149 0
v 0.741644574008229 0.125587143715186 0
v 0.706210131956087 0.121799107763371 0
v 0.703540790408464 0.14882667353562 0
v 0.687968492007053 0.162759394613016 0
v 0.672396193605643 0.176692115690413 0
v 0.656823895204232 0.19062483676781 0
v 0.641251596802821 0.204557557845207 0
v 0.625679298401411 0.218490278922603 0
v 0.604862 0.226848 0
v 0.702188167377055 0.168743771850593 0
v 0.684738733901644 0.182684217480474 0
v 0.667289300426233 0.196624663110356 0
v 0.649839866950822 0.210565108740237 0
v 0.632390433475411 0.224505554370119 0
v 0.8421021856565331 0.145931437213624 0
v 0.815313371313066 0.146742874427248 0
v 0.788524556969599 0.147554311640872 0
v 0.761735742626132 0.148365748854496 0
v 0.210524025671098 0.213074433749618 0
v 0.232926051342196 0.235909867499237 0
v 0.255328077013294 0.258745301248855 0
v 0.226592551342196 0.320027867499237 0
v 0.308107327013294 0.291607301248855 0
v 0.338484551342196 0.301633867499237 0
v 0.368861775671098 0.311660433749618 0
v 0.364426403501876 0.33842647712714 0
v 0.336901807003752 0.330441954254279 0
v 0.309377210505628 0.322457431381419 0
v 0.230392807003752 0.339717954254279 0
v 0.274540960797226 0.495324140415313 0
v 0.255629 0.545712 0
v 0.243411500741789 0.470643689213729 0
v 0.170839 0.443487 0
v 0.227291460797226 0.432837640415313 0
v 0.232155233027117 0.366126795010877 0
v 0.350031116513559 0.383860147505438 0
v 0.326985233027117 0.373570295010877 0
v 0.303939349540676 0.363280442516315 0
v 0.345077392916783 0.405181727710547 0
v 0.322196785833565 0.402731455421094 0
v 0.299316178750348 0.400281183131641 0
v 0.230495285833565 0.396314955421094 0
v 0.345069980398613 0.428583070207657 0
v 0.321419960797226 0.434567140415313 0
v 0.297769941195839 0.44055121062297 0
v 0.221740657283952 0.195630125143863 0
v 0.248392314567903 0.210029250287725 0
v 0.275043971851855 0.224428375431588 0
v 0.329046971851855 0.251848625431588 0
v 0.356398314567903 0.264869750287726 0
v 0.383749657283952 0.277890875143863 0
v 0.363759372240215 0.446848214177331 0
v 0.351792744480429 0.458745428354663 0
v 0.339826116720643 0.470642642531994 0
v 0.320860744480429 0.515470928354663 0
v 0.398582154107344 0.472976423124873 0
v 0.391818308214689 0.486319846249746 0
v 0.385054462322033 0.499663269374619 0
v 0.360781808214689 0.537268346249746 0
v 0.441431057045627 0.494582958768164 0
v 0.436991114091254 0.511770917536327 0
v 0.432551171136881 0.528958876304491 0
v 0.400141614091254 0.568015917536327 0
v 0.465285386853955 0.5022909234067851 0
v 0.462566773707909 0.523300846813569 0
v 0.459848160561864 0.544310770220354 0
v 0.420158773707909 0.586018346813569 0
v 0.418789026904664 0.626002015872787 0
v 0.484869273707909 0.597347846813569 0
v 0.467360026904664 0.637678515872787 0
v 0.452508030794968 0.670737671495209 0
v 0.437108246245563 0.704296558272728 0
v 0.401612746245563 0.691215558272728 0
v 0.413171030794968 0.659797171495209 0
v 0.207906367013427 0.953227979649477 0
v 0.208198867013427 0.864182979649478 0
v 0.268127881852343 0.9277044310765979 0
v 0.256335 0.98377 0
v 0.22292124886577 0.903359410726076 0
v 0.223112 0.820256 0
v 0.237971881852343 0.858959431076598 0
v 0.249169442619939 0.8561183342129151 0
v 0.278257942619939 0.921603834212915 0
v 0.311126813647456 0.898698123220503 0
v 0.295389104682534 0.909798122302564 0
v 0.265695604682534 0.851635122302564 0
v 0.283146813647456 0.846060623220503 0
v 0.407277044207312 0.772102986359362 0
v 0.389328357860892 0.809421800237646 0
v 0.355939857860892 0.791279300237646 0
v 0.372024544207312 0.757730986359362 0
v 0.367516692756789 0.842848783073572 0
v 0.335652192756789 0.815938283073572 0
v 0.386406738772205 0.724082060546227 0
v 0.421980238772205 0.737898560546227 0
v 0.32401867445178 0.8881501065538 0
v 0.29521017445178 0.8413481065538 0
v 0.26011874304684 0.853209665407723 0
v 0.28816724304684 0.915245165407723 0
v 0.317955855686832 0.892785351158855 0
v 0.288519855686832 0.844200851158855 0
v 0.25462685559218 0.8546895595053891 0
v 0.28319585559218 0.918473059505389 0
v 0.749107918538393 0.164669747541679 0
v 0.71758560257588 0.200431218386232 0
v 0.800935543464202 0.174005305527342 0
v 0.833250771732101 0.179826152763671 0
v 0.811266262664981 0.243219950001036 0
v 0.687851153975539 0.250754633881449 0
v 0.6733147693170261 0.260683089254299 0
v 0.658778384658513 0.27061154462715 0
v 0.630723 0.26095 0
v 0.633273691805481 0.230106405611582 0
v 0.649293383610962 0.218638811223164 0
v 0.665313075416443 0.207171216834746 0
v 0.681332767221924 0.195703622446328 0
v 0.744832937815499 0.410774580184571 0
v 0.723473433087491 0.44935308369775 0
v 0.674640149631237 0.420812125546625 0
v 0.657699433087491 0.41248108369775 0
v 0.6407587165437461 0.404150041848875 0
v 0.660035718907749 0.369181540092286 0
v 0.676730437815499 0.378051080184571 0
v 0.693425156723248 0.386920620276857 0
v 0.672963229642802 0.341883196077168 0
v 0.690646459285603 0.347832392154336 0
v 0.708329688928405 0.353781588231504 0
v 0.761377959285603 0.371633392154336 0
v 0.782727636070961 0.291720654893961 0
v 0.720030954106442 0.284236982340941 0
v 0.699078636070961 0.291250654893961 0
v 0.678126318035481 0.29826432744698 0
v 0.7734734723211379 0.333064604934966 0
v 0.717075708481707 0.320385657402449 0
v 0.697682472321138 0.319471104934966 0
v 0.678289236160569 0.318556552467483 0
v 0.542836464211454 0.523681525497824 0
v 0.54081097614097 0.508111016998549 0
v 0.538785488070485 0.492540508499275 0
v 0.568450880867493 0.484537735357507 0
v 0.572752761734985 0.498889470715015 0
v 0.577054642602478 0.513241206072522 0
v 0.593428261734985 0.555018970715015 0
v 0.55828197614097 0.567643516998549 0
v 0.523317521657559 0.58088281708398 0
v 0.505425032486339 0.532897975625969 0
v 0.503163021657559 0.51575731708398 0
v 0.50090101082878 0.49861665854199 0
v 0.629085646313619 0.539331557983902 0
v 0.589448323156809 0.474675778991951 0
v 0.597982646313618 0.487244557983902 0
v 0.606516969470428 0.499813336975853 0
v 0.606862517524552 0.46069470618784 0
v 0.619887035049104 0.47043241237568 0
v 0.6329115525736561 0.480170118563519 0
v 0.6642165350491041 0.5168089123756801 0
v 0.695692850103487 0.48688731168535 0
v 0.65448677515523 0.454585717528026 0
v 0.6384368501034871 0.44715381168535 0
v 0.622386925051744 0.439721905842675 0
v -0.308368169090815 -0.789734648797103 0
v -0.294422644934984 -0.790414056111802 0
v -0.280477120779153 -0.791093463426502 0
v -0.266531596623323 -0.791772870741202 0
v -0.252586072467492 -0.792452278055901 0
v -0.238640548311661 -0.793131685370601 0
v -0.224695024155831 -0.7938110926853 0
v -0.329948856590815 -0.801539086297103 0
v -0.337584019934984 -0.814022931111802 0
v -0.345219183279154 -0.826506775926502 0
v -0.352854346623323 -0.838990620741202 0
v -0.360489509967492 -0.851474465555901 0
v -0.368124673311661 -0.863958310370601 0
v -0.375759836655831 -0.8764421551853 0
v -0.555344076135905 -0.311788442331594 0
v -0.164308847270164 -0.911554363610229 0
v -0.130141363180649 -0.959779719777025 0
v -0.136081676361299 -0.952460439554049 0
v -0.142021989541948 -0.945141159331074 0
v -0.147962302722597 -0.937821879108099 0
v -0.153902615903247 -0.930502598885123 0
v -0.145473878224524 -0.90088831230065 0
v -0.136597412579619 -0.8978914498405201 0
v -0.127720946934715 -0.89489458738039 0
v -0.11884448128981 -0.89189772492026 0
v -0.109968015644905 -0.88890086246013 0
v -0.173907646136605 -0.6345692812844 0
v -0.169187370243498 -0.647992565882672 0
v -0.150413386313292 -0.624785409745156 0
v -0.146131824606777 -0.636159821699559 0
v -0.126919126489979 -0.615001538205911 0
v -0.123076278970055 -0.624327077516446 0
v -0.162380166876498 -0.686862651130945 0
v -0.112635373101304 -0.653617545215074 0
v -0.155422535283687 -0.757110714011391 0
v -0.155994570567374 -0.733566428022781 0
v -0.0898516789899885 -0.431643999766857 0
v -0.101170057979977 -0.410733499533715 0
v -0.673381475120036 -0.02041500786725 0
v -0.687601106340027 -0.0110042184004375 0
v -0.7018207375600179 -0.00159342893362499 0
v -0.716040368780009 0.00781736053318751 0
v -0.631731395933363 -0.032330014889375 0
v -0.604300947966682 -0.0348342324446875 0
v -0.07640339707418239 -0.084178616100408 0
v -0.08713132748169811 -0.0593578988674826 0
v -0.08516212012262631 -0.0894010555669869 0
v -0.0979613069119192 -0.0662184444673071 0
v -0.370277650445252 0.213056034276293 0
v -0.376411112833939 0.23256702570722 0
v -0.382544575222626 0.252078017138147 0
v -0.388678037611313 0.271589008569073 0
v -0.370942125371043 0.160298411896911 0
v -0.377740062685522 0.127051780948456 0
v -0.0553349970478434 -0.0733054861809959 0
v 0.265639426731251 -0.679910024776623 0
v 0.2453257844875 -0.660297516517749 0
v 0.22501214224375 -0.640685008258874 0
v 0.308284755180001 -0.695494426428398 0
v 0.330616441385001 -0.691466319821298 0
v 0.35294812759 -0.687438213214199 0
v 0.375279813795 -0.6834101066071 0
v 0.374948480474396 -0.844333837311561 0
v 0.417635250182378 -0.821555522067129 0
v 0.435323375091189 -0.807940511033565 0
v 0.373933682384556 -0.908679105365948 0
v 0.374503864769112 -0.885498710731895 0
v 0.301279503004976 -0.17032585464397 0
v 0.318819564153628 -0.178612376397894 0
v 0.417097145042863 -0.216813014974391 0
v 0.576302402386685 0.0685432357289162 0
v 0.550250701193342 0.0497121178644581 0
v 0.529726826752973 0.07231551908102141 0
v 0.520750322281278 0.08389687474711301 0
v 0.7234570266300721 0.106431606469476 0
v 0.740703921304058 0.0910641051755804 0
v 0.757950815978043 0.0756966038816853 0
v 0.775197710652029 0.0603291025877902 0
v 0.792444605326014 0.0449616012938951 0
v 0.691694113105217 0.136848092368603 0
v 0.6771780942543481 0.151897076973836 0
v 0.662662075403478 0.166946061579069 0
v 0.648146056552609 0.181995046184302 0
v 0.633630037701739 0.197044030789534 0
v 0.619114018850869 0.212093015394767 0
v 0.249803750370894 0.509128844606864 0
v 0.206234500370894 0.456913844606865 0
v 0.238017124432885 0.940466205363038 0
v 0.223085374432885 0.861571205363038 0
v 0.700218082060704 0.212556374708986 0
v 0.682850561545528 0.224681531031739 0
v 0.6654830410303521 0.236806687354493 0
v 0.648115520515176 0.248931843677246 0
f 428 710 723 421
f 710 711 722 723
f 711 712 721 722
f 712 713 720 721
f 713 714 719 720
f 714 715 718 719
f 715 716 717 718
f 716 65 66 717
f 421 724 729 428
f 724 725 728 729
f 725 726 727 728
f 726 152 153 727
f 428 729 732 422
f 729 728 731 732
f 728 727 730 731
f 727 153 154 730
f 422 733 710 428
f 733 734 711 710
f 734 735 712 711
f 735 736 713 712
f 736 737 714 713
f 737 738 715 714
f 738 739 716 715
f 739 205 65 716
f 425 740 733 422
f 740 741 734 733
f 741 742 735 734
f 742 743 736 735
f 743 744 737 736
f 744 745 738 737
f 745 746 739 738
f 746 64 205 739
f 422 732 749 425
f 732 731 748 749
f 731 730 747 748
f 730 154 217 747
f 424 750 724 421
f 750 751 725 724
f 751 752 726 725
f 752 151 152 726
f 421 723 759 424
f 723 722 758 759
f 722 721 757 758
f 721 720 756 757
f 720 719 755 756
f 719 718 754 755
f 718 717 753 754
f 717 66 416 753
f 424 759 766 423
f 759 758 765 766
f 758 757 764 765
f 757 756 763 764
f 756 755 762 763
f 755 754 761 762
f 754 753 760 761
f 753 416 203 760
f 423 767 750 424
f 767 768 751 750
f 768 769 752 751
f 769 209 151 752
f 434 770 767 423
f 770 771 768 767
f 771 772 769 768
f 772 212 209 769
f 423 766 779 434
f 766 765 778 779
f 765 764 777 778
f 764 763 776 777
f 763 762 775 776
f 762 761 774 775
f 761 760 773 774
f 760 203 413 773
f 425 749 782 427
f 749 748 781 782
f 748 747 780 781
f 747 217 155 780
f 427 783 740 425
f 783 784 741 740
f 784 785 742 741
f 785 786 743 742
f 786 787 744 743
f 787 788 745 744
f 788 789 746 745
f 789 63 64 746
f 427 782 792 426
f 782 781 791 792
f 781 780 790 791
f 780 155 156 790
f 426 793 783 427
f 793 794 784 783
f 794 795 785 784
f 795 796 786 785
f 796 797 787 786
f 797 798 788 787
f 798 799 789 788
f 799 403 63 789
f 426 792 802 438
f 792 791 801 802
f 791 790 800 801
f 790 156 157 800
f 438 803 793 426
f 803 804 794 793
f 804 805 795 794
f 805 806 796 795
f 806 807 797 796
f 807 808 798 797
f 808 809 799 798
f 809 216 403 799
f 434 779 816 432
f 779 778 815 816
f 778 777 814 815
f 777 776 813 814
f 776 775 812 813
f 775 774 811 812
f 774 773 810 811
f 773 413 210 810
f 432 817 770 434
f 817 818 771 770
f 818 819 772 771
f 819 208 212 772
f 431 820 833 429
f 820 821 832 833
f 821 822 831 832
f 822 823 830 831
f 823 824 829 830
f 824 825 828 829
f 825 826 827 828
f 826 2 3 827
f 429 834 847 431
f 834 835 846 847
f 835 836 845 846
f 836 837 844 845
f 837 838 843 844
f 838 839 842 843
f 839 840 841 842
f 840 68 207 841
f 856 1826 855 435
f 429 833 1826 856
f 1826 1827 854 855
f 833 832 1827 1826
f 1827 1828 853 854
f 832 831 1828 1827
f 1828 1829 852 853
f 831 830 1829 1828
f 1829 1830 851 852
f 830 829 1830 1829
f 1830 1831 850 851
f 829 828 1831 1830
f 1831 1832 849 850
f 828 827 1832 1831
f 1832 848 232 849
f 827 3 848 1832
f 856 1833 834 429
f 435 857 1833 856
f 1833 1834 835 834
f 857 858 1834 1833
f 1834 1835 836 835
f 858 859 1835 1834
f 1835 1836 837 836
f 859 860 1836 1835
f 1836 1837 838 837
f 860 861 1837 1836
f 1837 1838 839 838
f 861 862 1838 1837
f 1838 1839 840 839
f 862 863 1839 1838
f 1839 864 68 840
f 863 67 864 1839
f 430 865 878 451
f 865 866 877 878
f 866 867 876 877
f 867 868 875 876
f 868 869 874 875
f 869 870 873 874
f 870 871 872 873
f 871 69 204 872
f 451 879 892 430
f 879 880 891 892
f 880 881 890 891
f 881 882 889 890
f 882 883 888 889
f 883 884 887 888
f 884 885 886 887
f 885 1 235 886
f 431 847 865 430
f 847 846 866 865
f 846 845 867 866
f 845 844 868 867
f 844 843 869 868
f 843 842 870 869
f 842 841 871 870
f 841 207 69 871
f 430 892 820 431
f 892 891 821 820
f 891 890 822 821
f 890 889 823 822
f 889 888 824 823
f 888 887 825 824
f 887 886 826 825
f 886 235 2 826
f 432 816 899 433
f 816 815 898 899
f 815 814 897 898
f 814 813 896 897
f 813 812 895 896
f 812 811 894 895
f 811 810 893 894
f 810 210 376 893
f 433 900 817 432
f 900 901 818 817
f 901 902 819 818
f 902 211 208 819
f 433 899 857 435
f 899 898 858 857
f 898 897 859 858
f 897 896 860 859
f 896 895 861 860
f 895 894 862 861
f 894 893 863 862
f 893 376 67 863
f 435 903 900 433
f 903 904 901 900
f 904 905 902 901
f 905 166 211 902
f 435 855 912 608
f 855 854 911 912
f 854 853 910 911
f 853 852 909 910
f 852 851 908 909
f 851 850 907 908
f 850 849 906 907
f 849 232 4 906
f 608 913 903 435
f 913 914 904 903
f 914 915 905 904
f 915 417 166 905
f 436 916 913 608
f 916 917 914 913
f 917 918 915 914
f 918 268 417 915
f 608 912 925 436
f 912 911 924 925
f 911 910 923 924
f 910 909 922 923
f 909 908 921 922
f 908 907 920 921
f 907 906 919 920
f 906 4 257 919
f 453 926 916 436
f 926 927 917 916
f 927 928 918 917
f 928 215 268 918
f 436 925 934 453
f 925 924 933 934
f 924 923 637 933
f 923 922 932 637
f 922 921 931 932
f 921 920 930 931
f 920 919 929 930
f 919 257 402 929
f 437 935 926 453
f 935 936 927 926
f 936 937 928 927
f 937 214 215 928
f 453 638 944 437
f 638 938 943 944
f 938 939 942 943
f 939 940 941 942
f 940 249 262 941
f 460 945 935 437
f 945 946 936 935
f 946 947 937 936
f 947 165 214 937
f 437 944 951 460
f 944 943 950 951
f 943 942 949 950
f 942 941 948 949
f 941 262 127 948
f 438 802 954 439
f 802 801 953 954
f 801 800 952 953
f 800 157 158 952
f 439 955 803 438
f 955 956 804 803
f 956 957 805 804
f 957 958 806 805
f 958 959 807 806
f 959 960 808 807
f 960 961 809 808
f 961 62 216 809
f 439 954 964 440
f 954 953 963 964
f 953 952 962 963
f 952 158 398 962
f 440 965 955 439
f 965 966 956 955
f 966 967 957 956
f 967 968 958 957
f 968 969 959 958
f 969 970 960 959
f 970 971 961 960
f 971 61 62 961
f 441 972 965 440
f 972 973 966 965
f 973 974 967 966
f 974 975 968 967
f 975 976 969 968
f 976 977 970 969
f 977 978 971 970
f 978 60 61 971
f 440 964 981 441
f 964 963 980 981
f 963 962 979 980
f 962 398 220 979
f 442 982 972 441
f 982 983 973 972
f 983 984 974 973
f 984 985 975 974
f 985 986 976 975
f 986 987 977 976
f 987 988 978 977
f 988 59 60 978
f 441 981 991 442
f 981 980 990 991
f 980 979 989 990
f 979 220 159 989
f 442 991 994 443
f 991 990 993 994
f 990 989 992 993
f 989 159 160 992
f 443 995 982 442
f 995 996 983 982
f 996 997 984 983
f 997 998 985 984
f 998 999 986 985
f 999 1000 987 986
f 1000 1001 988 987
f 1001 258 59 988
f 472 651 995 443
f 651 1002 996 995
f 1002 1003 997 996
f 1003 1004 998 997
f 1004 1005 999 998
f 1005 1006 1000 999
f 1006 1007 1001 1000
f 1007 407 258 1001
f 443 994 624 472
f 994 993 1009 624
f 993 992 1008 1009
f 992 160 259 1008
f 472 624 614 625
f 1010 1008 259 218
f 631 1009 1008 1010
f 614 624 1009 631
f 614 1011 1017 625
f 1011 630 1016 1017
f 630 1012 1015 1016
f 1012 1013 1014 1015
f 1013 260 106 1014
f 446 1018 1019 444
f 1018 221 222 1019
f 444 1020 1023 446
f 1020 1021 1022 1023
f 1021 387 104 1022
f 609 626 444 627
f 1021 1025 284 387
f 1020 1024 1025 1021
f 444 626 1024 1020
f 444 1019 1026 627
f 1019 222 162 1026
f 446 1023 1028 445
f 1023 1022 1027 1028
f 1022 104 225 1027
f 445 1029 1018 446
f 1029 224 221 1018
f 445 1028 1031 449
f 1028 1027 1030 1031
f 1027 225 105 1030
f 449 1032 1029 445
f 1032 161 224 1029
f 460 951 1036 461
f 951 950 1035 1036
f 950 949 1034 1035
f 949 948 1033 1034
f 948 127 247 1033
f 461 1037 945 460
f 1037 1038 946 945
f 1038 1039 947 946
f 1039 223 165 947
f 461 1036 1043 610
f 1036 1035 1042 1043
f 1035 1034 1041 1042
f 1034 1033 1040 1041
f 1033 247 128 1040
f 610 1044 1037 461
f 1044 1045 1038 1037
f 1045 1046 1039 1038
f 1046 230 223 1039
f 447 629 1051 462
f 629 1047 1050 1051
f 1047 1048 1049 1050
f 1048 163 164 1049
f 462 646 632 447
f 646 1052 1059 632
f 1052 1053 1058 1059
f 1053 1054 1057 1058
f 1054 1055 1056 1057
f 1055 85 266 1056
f 447 628 609 629
f 1025 1062 103 284
f 1024 1061 1062 1025
f 626 1060 1061 1024
f 609 628 1060 626
f 609 627 1047 629
f 627 1026 1048 1047
f 1026 162 163 1048
f 610 1043 1066 448
f 1043 1042 1065 1066
f 1042 1041 1064 1065
f 1041 1040 1063 1064
f 1040 128 129 1063
f 448 1067 1044 610
f 1067 1068 1045 1044
f 1068 1069 1046 1045
f 1069 251 230 1046
f 462 1051 1067 448
f 1051 1050 1068 1067
f 1050 1049 1069 1068
f 1049 164 251 1069
f 448 1066 645 462
f 1066 1065 1072 645
f 1065 1064 1071 1072
f 1064 1063 1070 1071
f 1063 129 130 1070
f 449 1031 1074 615
f 1031 1030 1073 1074
f 1030 105 405 1073
f 615 1075 1032 449
f 1075 227 161 1032
f 1076 1011 614 631
f 615 630 1011 1076
f 615 1074 1012 630
f 1074 1073 1013 1012
f 1073 405 260 1013
f 1075 1840 1077 227
f 615 1076 1840 1075
f 1840 1010 218 1077
f 1076 631 1010 1840
f 613 628 447 632
f 613 634 1060 628
f 634 1078 1061 1060
f 1078 1079 1062 1061
f 1079 229 103 1062
f 1080 1056 266 86
f 1081 1057 1056 1080
f 1082 1058 1057 1081
f 633 1059 1058 1082
f 613 632 1059 633
f 613 633 616 634
f 1083 1080 86 87
f 1084 1081 1080 1083
f 1085 1082 1081 1084
f 616 633 1082 1085
f 616 1086 1078 634
f 1086 1087 1079 1078
f 1087 361 229 1079
f 451 878 1093 450
f 878 877 636 1093
f 877 876 1092 636
f 876 875 1091 1092
f 875 874 1090 1091
f 874 873 1089 1090
f 873 872 1088 1089
f 872 204 70 1088
f 450 1094 879 451
f 1094 635 880 879
f 635 1095 881 880
f 1095 1096 882 881
f 1096 1097 883 882
f 1097 1098 884 883
f 1098 1099 885 884
f 1099 233 1 885
f 1101 1841 1093 636
f 452 1100 1841 1101
f 1841 1094 450 1093
f 1100 635 1094 1841
f 1103 1842 1102 236
f 1104 1843 1842 1103
f 1105 1844 1843 1104
f 1106 1845 1844 1105
f 1107 1846 1845 1106
f 452 1101 1846 1107
f 1842 1088 70 1102
f 1843 1089 1088 1842
f 1844 1090 1089 1843
f 1845 1091 1090 1844
f 1846 1092 1091 1845
f 1101 636 1092 1846
f 1100 1847 1095 635
f 452 1107 1847 1100
f 1847 1848 1096 1095
f 1107 1106 1848 1847
f 1848 1849 1097 1096
f 1106 1105 1849 1848
f 1849 1850 1098 1097
f 1105 1104 1850 1849
f 1850 1851 1099 1098
f 1104 1103 1851 1850
f 1851 1108 233 1099
f 1103 236 1108 1851
f 453 934 1110 638
f 934 933 1109 1110
f 933 637 611 1109
f 1111 929 402 5
f 1112 930 929 1111
f 640 931 930 1112
f 1113 932 931 640
f 611 637 932 1113
f 1110 1852 938 638
f 1109 1853 1852 1110
f 611 1114 1853 1109
f 1852 1854 939 938
f 1853 1855 1854 1852
f 1114 639 1855 1853
f 1854 1856 940 939
f 1855 1857 1856 1854
f 639 1115 1857 1855
f 1856 1117 249 940
f 1857 1116 1117 1856
f 1115 384 1116 1857
f 1119 1858 1113 640
f 612 1118 1858 1119
f 1858 1114 611 1113
f 1118 639 1114 1858
f 1118 1859 1115 639
f 612 1120 1859 1118
f 1859 1121 384 1115
f 1120 126 1121 1859
f 1123 1860 1122 248
f 1124 1861 1860 1123
f 612 1119 1861 1124
f 1860 1111 5 1122
f 1861 1112 1111 1860
f 1119 640 1112 1861
f 457 1125 1120 612
f 1125 406 126 1120
f 612 1124 1127 457
f 1124 1123 1126 1127
f 1123 248 244 1126
f 457 1127 1129 455
f 1127 1126 1128 1129
f 1126 244 6 1128
f 455 1130 1125 457
f 1130 125 406 1125
f 525 641 454 642
f 1132 1131 122 237
f 454 641 1131 1132
f 454 1133 1136 642
f 1133 1134 1135 1136
f 1134 240 8 1135
f 459 1137 1133 454
f 1137 1138 1134 1133
f 1138 245 240 1134
f 454 1132 1139 459
f 1132 237 123 1139
f 456 1140 1130 455
f 1140 242 125 1130
f 455 1129 1142 456
f 1129 1128 1141 1142
f 1128 6 239 1141
f 459 1139 1143 458
f 1139 123 124 1143
f 458 1144 1137 459
f 1144 1145 1138 1137
f 1145 7 245 1138
f 458 1143 1140 456
f 1143 124 242 1140
f 456 1142 1144 458
f 1142 1141 1145 1144
f 1141 239 7 1145
f 1147 1146 463 644
f 464 643 1146 1147
f 1151 1862 1150 264
f 1152 1863 1862 1151
f 463 1146 1863 1152
f 1862 1149 131 1150
f 1863 1148 1149 1862
f 1146 643 1148 1863
f 463 1153 1156 644
f 1153 1154 1155 1156
f 1154 273 84 1155
f 462 645 464 646
f 1149 1070 130 131
f 1148 1071 1070 1149
f 643 1072 1071 1148
f 464 645 1072 643
f 464 1147 1052 646
f 1147 644 1053 1052
f 644 1156 1054 1053
f 1156 1155 1055 1054
f 1155 84 85 1055
f 465 1157 1153 463
f 1157 1158 1154 1153
f 1158 83 273 1154
f 463 1152 1160 465
f 1152 1151 1159 1160
f 1151 264 250 1159
f 465 1160 1162 466
f 1160 1159 1161 1162
f 1159 250 132 1161
f 466 1163 1157 465
f 1163 1164 1158 1157
f 1164 82 83 1158
f 467 1165 1163 466
f 1165 1166 1164 1163
f 1166 81 82 1164
f 466 1162 1168 467
f 1162 1161 1167 1168
f 1161 132 133 1167
f 467 1168 1170 469
f 1168 1167 1169 1170
f 1167 133 134 1169
f 469 1171 1165 467
f 1171 1172 1166 1165
f 1172 255 81 1166
f 471 1173 1176 470
f 1173 1174 1175 1176
f 1174 80 343 1175
f 469 1170 1178 470
f 1170 1169 1177 1178
f 1169 134 325 1177
f 470 1176 1171 469
f 1176 1175 1172 1171
f 1175 343 255 1172
f 468 647 535 648
f 468 1179 1182 647
f 1179 1180 1181 1182
f 1180 288 254 1181
f 1185 1184 323 256
f 1186 1183 1184 1185
f 468 648 1183 1186
f 548 683 1189 681
f 683 1187 1188 1189
f 1187 332 708 1188
f 468 1186 1173 471
f 1186 1185 1174 1173
f 1185 256 80 1174
f 619 649 535 650
f 1184 1192 326 323
f 1183 1191 1192 1184
f 648 1190 1191 1183
f 535 649 1190 648
f 535 647 1195 650
f 647 1182 1194 1195
f 1182 1181 1193 1194
f 1181 254 231 1193
f 616 1085 1198 476
f 1085 1084 1197 1198
f 1084 1083 1196 1197
f 1083 87 71 1196
f 476 1199 1086 616
f 1199 1200 1087 1086
f 1200 261 361 1087
f 475 651 472 625
f 475 652 1002 651
f 652 1201 1003 1002
f 1201 1202 1004 1003
f 1202 1203 1005 1004
f 1203 1204 1006 1005
f 1204 1205 1007 1006
f 1205 263 407 1007
f 1206 1014 106 267
f 1207 1015 1014 1206
f 1208 1016 1015 1207
f 653 1017 1016 1208
f 475 625 1017 653
f 474 652 475 653
f 474 655 1201 652
f 655 1209 1202 1201
f 1209 1210 1203 1202
f 1210 1211 1204 1203
f 1211 1212 1205 1204
f 1212 415 263 1205
f 1213 1206 267 107
f 1214 1207 1206 1213
f 654 1208 1207 1214
f 474 653 1208 654
f 474 654 473 655
f 1215 1213 107 408
f 1216 1214 1213 1215
f 473 654 1214 1216
f 473 1217 1209 655
f 1217 1218 1210 1209
f 1218 1219 1211 1210
f 1219 1220 1212 1211
f 1220 265 415 1212
f 1226 1864 1217 473
f 481 1221 1864 1226
f 1864 1865 1218 1217
f 1221 1222 1865 1864
f 1865 1866 1219 1218
f 1222 1223 1866 1865
f 1866 1867 1220 1219
f 1223 1224 1867 1866
f 1867 1225 265 1220
f 1224 414 1225 1867
f 1226 1868 1229 481
f 473 1216 1868 1226
f 1868 1869 1228 1229
f 1216 1215 1869 1868
f 1869 1227 108 1228
f 1215 408 1227 1869
f 482 1230 1221 481
f 1230 1231 1222 1221
f 1231 1232 1223 1222
f 1232 1233 1224 1223
f 1233 272 414 1224
f 481 1229 1235 482
f 1229 1228 1234 1235
f 1228 108 109 1234
f 487 1236 1230 482
f 1236 1237 1231 1230
f 1237 1238 1232 1231
f 1238 1239 1233 1232
f 1239 275 272 1233
f 482 1235 1241 487
f 1235 1234 1240 1241
f 1234 109 110 1240
f 479 1242 1199 476
f 1242 1243 1200 1199
f 1243 118 261 1200
f 476 1198 1246 479
f 1198 1197 1245 1246
f 1197 1196 1244 1245
f 1196 71 72 1244
f 477 1247 1242 479
f 1247 1248 1243 1242
f 1248 117 118 1243
f 479 1246 1251 477
f 1246 1245 1250 1251
f 1245 1244 1249 1250
f 1244 72 73 1249
f 478 1252 1247 477
f 1252 1253 1248 1247
f 1253 269 117 1248
f 477 1251 1256 478
f 1251 1250 1255 1256
f 1250 1249 1254 1255
f 1249 73 238 1254
f 478 1256 657 480
f 1256 1255 1258 657
f 1255 1254 1257 1258
f 1254 238 74 1257
f 480 1259 1252 478
f 1259 1260 1253 1252
f 1260 409 269 1253
f 617 1261 1272 491
f 1261 1262 1271 1272
f 1262 1263 1270 1271
f 1263 1264 1269 1270
f 1264 1265 1268 1269
f 1265 1266 1267 1268
f 1266 146 285 1267
f 491 1273 1276 617
f 1273 1274 1275 1276
f 1274 115 116 1275
f 490 1277 1273 491
f 1277 1278 1274 1273
f 1278 271 115 1274
f 491 1272 1284 490
f 1272 1271 1283 1284
f 1271 1270 1282 1283
f 1270 1269 1281 1282
f 1269 1268 1280 1281
f 1268 1267 1279 1280
f 1267 285 282 1279
f 617 1276 1259 480
f 1276 1275 1260 1259
f 1275 116 409 1260
f 480 1285 1261 617
f 1285 1286 1262 1261
f 1286 656 1263 1262
f 656 1287 1264 1263
f 1287 1288 1265 1264
f 1288 1289 1266 1265
f 1289 289 146 1266
f 1290 1285 480 657
f 1291 1286 1285 1290
f 500 656 1286 1291
f 500 1292 1287 656
f 1292 665 1288 1287
f 665 1293 1289 1288
f 1293 145 289 1289
f 1296 1870 1295 75
f 664 1871 1870 1296
f 500 1291 1871 664
f 1870 1872 1294 1295
f 1871 1873 1872 1870
f 1291 1290 1873 1871
f 1872 1257 74 1294
f 1873 1258 1257 1872
f 1290 657 1258 1873
f 487 1241 1298 486
f 1241 1240 1297 1298
f 1240 110 392 1297
f 486 1299 1236 487
f 1299 1300 1237 1236
f 1300 1301 1238 1237
f 1301 1302 1239 1238
f 1302 58 275 1239
f 486 1298 1304 483
f 1298 1297 1303 1304
f 1297 392 393 1303
f 483 1305 1299 486
f 1305 1306 1300 1299
f 1306 1307 1301 1300
f 1307 1308 1302 1301
f 1308 57 58 1302
f 484 1309 1305 483
f 1309 1310 1306 1305
f 1310 1311 1307 1306
f 1311 1312 1308 1307
f 1312 56 57 1308
f 483 1304 1314 484
f 1304 1303 1313 1314
f 1303 393 111 1313
f 488 1315 1309 484
f 1315 1316 1310 1309
f 1316 1317 1311 1310
f 1317 1318 1312 1311
f 1318 410 56 1312
f 484 1314 1320 488
f 1314 1313 1319 1320
f 1313 111 270 1319
f 485 1321 1315 488
f 1321 1322 1316 1315
f 1322 1323 1317 1316
f 1323 1324 1318 1317
f 1324 418 410 1318
f 488 1320 1326 485
f 1320 1319 1325 1326
f 1319 270 112 1325
f 1332 1874 1321 485
f 492 1327 1874 1332
f 1874 1875 1322 1321
f 1327 1328 1875 1874
f 1875 1876 1323 1322
f 1328 1329 1876 1875
f 1876 1877 1324 1323
f 1329 1330 1877 1876
f 1877 1331 418 1324
f 1330 55 1331 1877
f 1332 1878 1335 492
f 485 1326 1878 1332
f 1878 1879 1334 1335
f 1326 1325 1879 1878
f 1879 1333 399 1334
f 1325 112 1333 1879
f 489 1336 1339 618
f 1336 1337 1338 1339
f 1337 113 114 1338
f 618 1340 659 489
f 1340 1341 1350 659
f 1341 1342 1349 1350
f 1342 1343 1348 1349
f 1343 1344 1347 1348
f 1344 1345 1346 1347
f 1345 283 280 1346
f 489 658 1357 493
f 658 1351 1356 1357
f 1351 1352 1355 1356
f 1352 1353 1354 1355
f 1353 53 54 1354
f 493 1358 1336 489
f 1358 1359 1337 1336
f 1359 279 113 1337
f 618 1339 1277 490
f 1339 1338 1278 1277
f 1338 114 271 1278
f 490 1284 1340 618
f 1284 1283 1341 1340
f 1283 1282 1342 1341
f 1282 1281 1343 1342
f 1281 1280 1344 1343
f 1280 1279 1345 1344
f 1279 282 283 1345
f 493 1357 1327 492
f 1357 1356 1328 1327
f 1356 1355 1329 1328
f 1355 1354 1330 1329
f 1354 54 55 1330
f 492 1335 1358 493
f 1335 1334 1359 1358
f 1334 399 279 1359
f 494 658 489 659
f 494 660 1351 658
f 660 1360 1352 1351
f 1360 1361 1353 1352
f 1361 412 53 1353
f 1362 1346 280 147
f 1363 1347 1346 1362
f 1364 1348 1347 1363
f 1365 1349 1348 1364
f 661 1350 1349 1365
f 494 659 1350 661
f 495 660 494 661
f 495 663 1360 660
f 663 1366 1361 1360
f 1366 354 412 1361
f 1367 1362 147 274
f 1368 1363 1362 1367
f 1369 1364 1363 1368
f 662 1365 1364 1369
f 495 661 1365 662
f 495 662 496 663
f 1370 1367 274 303
f 1371 1368 1367 1370
f 1372 1369 1368 1371
f 496 662 1369 1372
f 496 1373 1366 663
f 1373 295 354 1366
f 1292 1374 497 665
f 500 664 1374 1292
f 1376 1880 1375 322
f 497 1374 1880 1376
f 1880 1296 75 1375
f 1374 664 1296 1880
f 497 1377 1293 665
f 1377 353 145 1293
f 498 1378 1379 499
f 1378 292 144 1379
f 499 1380 1381 498
f 1380 287 76 1381
f 499 1379 1377 497
f 1379 144 353 1377
f 497 1376 1380 499
f 1376 322 287 1380
f 502 1382 1378 498
f 1382 143 292 1378
f 498 1381 1383 502
f 1381 76 290 1383
f 501 1384 1373 496
f 1384 52 295 1373
f 496 1372 1387 501
f 1372 1371 1386 1387
f 1371 1370 1385 1386
f 1370 303 228 1385
f 510 1388 1389 509
f 1388 304 314 1389
f 509 1390 1395 510
f 1390 1391 1394 1395
f 1391 1392 1393 1394
f 1392 148 276 1393
f 501 1387 1390 509
f 1387 1386 1391 1390
f 1386 1385 1392 1391
f 1385 228 148 1392
f 509 1389 1384 501
f 1389 314 52 1384
f 505 1396 1382 502
f 1396 277 143 1382
f 502 1383 1397 505
f 1383 290 291 1397
f 504 1398 1399 506
f 1398 286 89 1399
f 506 1400 1401 504
f 1400 293 77 1401
f 503 1402 1403 540
f 1402 313 78 1403
f 540 1404 1405 503
f 1404 330 88 1405
f 505 1397 1400 506
f 1397 291 293 1400
f 506 1406 1396 505
f 1406 142 277 1396
f 517 1407 1412 519
f 1407 1408 1411 1412
f 1408 1409 1410 1411
f 1409 149 306 1410
f 519 1413 1414 517
f 1413 355 305 1414
f 506 1399 1415 507
f 1399 89 329 1415
f 507 1416 1406 506
f 1416 141 142 1406
f 508 1417 1413 519
f 1417 328 355 1413
f 519 1412 1420 508
f 1412 1411 1419 1420
f 1411 1410 1418 1419
f 1410 306 324 1418
f 508 1420 1423 563
f 1420 1419 1422 1423
f 1419 1418 1421 1422
f 1418 324 150 1421
f 563 1424 1417 508
f 1424 51 328 1417
f 538 1425 1416 507
f 1425 140 141 1416
f 507 1415 1426 538
f 1415 329 90 1426
f 512 1427 1428 569
f 1427 298 411 1428
f 569 1429 1430 512
f 1429 357 419 1430
f 512 1430 1431 511
f 1430 419 296 1431
f 511 1432 1427 512
f 1432 45 298 1427
f 511 1431 1433 516
f 1431 296 186 1433
f 516 1434 1432 511
f 1434 300 45 1432
f 515 666 513 667
f 515 667 44 301
f 515 301 299 666
f 514 1435 1436 513
f 1435 167 168 1436
f 513 666 1437 514
f 666 299 420 1437
f 514 1437 1434 516
f 1437 420 300 1434
f 516 1433 1435 514
f 1433 186 167 1435
f 510 1395 1407 517
f 1395 1394 1408 1407
f 1394 1393 1409 1408
f 1393 276 149 1409
f 517 1414 1388 510
f 1414 305 304 1388
f 520 1438 1439 518
f 1438 185 400 1439
f 518 1440 1441 520
f 1440 46 47 1441
f 523 1442 1443 521
f 1442 183 184 1443
f 521 1444 1445 523
f 1444 307 48 1445
f 520 1441 1444 521
f 1441 47 307 1444
f 521 1443 1438 520
f 1443 184 185 1438
f 518 1439 1429 569
f 1439 400 357 1429
f 569 1428 1440 518
f 1428 411 46 1440
f 522 1446 667 513
f 1446 311 44 667
f 513 1436 1447 522
f 1436 168 252 1447
f 579 1448 1446 522
f 1448 43 311 1446
f 522 1447 1449 579
f 1447 252 213 1449
f 530 1450 1457 524
f 1450 1451 1456 1457
f 1451 1452 1455 1456
f 1452 1453 1454 1455
f 1453 15 16 1454
f 524 669 1464 530
f 669 1458 1463 1464
f 1458 1459 1462 1463
f 1459 1460 1461 1462
f 1460 9 10 1461
f 524 668 525 669
f 1131 1466 315 122
f 641 1465 1466 1131
f 525 668 1465 641
f 525 642 1458 669
f 642 1136 1459 1458
f 1136 1135 1460 1459
f 1135 8 9 1460
f 528 1467 1473 529
f 1467 674 1472 1473
f 674 1468 1471 1472
f 1468 1469 1470 1471
f 1469 243 334 1470
f 529 1474 1480 528
f 1474 1475 675 1480
f 1475 1476 1479 675
f 1476 1477 1478 1479
f 1477 11 319 1478
f 530 1464 1474 529
f 1464 1463 1475 1474
f 1463 1462 1476 1475
f 1462 1461 1477 1476
f 1461 10 11 1477
f 529 1473 1450 530
f 1473 1472 1451 1450
f 1472 1471 1452 1451
f 1471 1470 1453 1452
f 1470 334 15 1453
f 1485 1881 668 524
f 526 1481 1881 1485
f 1881 1882 1465 668
f 1481 1482 1882 1881
f 1882 1883 1466 1465
f 1482 1483 1883 1882
f 1883 1484 315 1466
f 1483 121 1484 1883
f 1485 1884 1490 526
f 524 1457 1884 1485
f 1884 1885 1489 1490
f 1457 1456 1885 1884
f 1885 1886 1488 1489
f 1456 1455 1886 1885
f 1886 1887 1487 1488
f 1455 1454 1887 1886
f 1887 1486 17 1487
f 1454 16 1486 1887
f 526 1490 1494 527
f 1490 1489 1493 1494
f 1489 1488 1492 1493
f 1488 1487 1491 1492
f 1487 17 302 1491
f 527 1495 1481 526
f 1495 1496 1482 1481
f 1496 1497 1483 1482
f 1497 120 121 1483
f 537 670 547 671
f 1502 1501 395 339
f 1503 1500 1501 1502
f 1504 1499 1500 1503
f 672 1498 1499 1504
f 547 670 1498 672
f 547 673 1513 671
f 673 1505 1512 1513
f 1505 1506 1511 1512
f 1506 1507 1510 1511
f 1507 1508 1509 1510
f 1508 19 20 1509
f 527 1494 1517 531
f 1494 1493 1516 1517
f 1493 1492 1515 1516
f 1492 1491 1514 1515
f 1491 302 320 1514
f 531 1518 1495 527
f 1518 1519 1496 1495
f 1519 1520 1497 1496
f 1520 119 120 1497
f 533 1521 1518 531
f 1521 1522 1519 1518
f 1522 1523 1520 1519
f 1523 318 119 1520
f 531 1517 1527 533
f 1517 1516 1526 1527
f 1516 1515 1525 1526
f 1515 1514 1524 1525
f 1514 320 18 1524
f 547 672 532 673
f 1528 1502 339 396
f 1529 1503 1502 1528
f 1530 1504 1503 1529
f 532 672 1504 1530
f 532 1531 1505 673
f 1531 1532 1506 1505
f 1532 1533 1507 1506
f 1533 1534 1508 1507
f 1534 333 19 1508
f 533 1527 1531 532
f 1527 1526 1532 1531
f 1526 1525 1533 1532
f 1525 1524 1534 1533
f 1524 18 333 1534
f 532 1530 1521 533
f 1530 1529 1522 1521
f 1529 1528 1523 1522
f 1528 396 318 1523
f 1536 1888 1480 675
f 545 1535 1888 1536
f 1888 1467 528 1480
f 1535 674 1467 1888
f 1535 1889 1468 674
f 545 691 1889 1535
f 1889 1890 1469 1468
f 691 1537 1890 1889
f 1890 1538 243 1469
f 1537 14 1538 1890
f 1540 1891 1539 12
f 692 1892 1891 1540
f 545 1536 1892 692
f 1891 1478 319 1539
f 1892 1479 1478 1891
f 1536 675 1479 1892
f 619 676 536 677
f 619 650 1544 676
f 650 1195 1543 1544
f 1195 1194 1542 1543
f 1194 1193 1541 1542
f 1193 231 135 1541
f 1192 1548 388 326
f 1191 1547 1548 1192
f 1190 1546 1547 1191
f 649 1545 1546 1190
f 619 677 1545 649
f 542 677 536 678
f 542 1549 1545 677
f 1549 1550 1546 1545
f 1550 680 1547 1546
f 680 1551 1548 1547
f 1551 79 388 1548
f 1554 1553 100 101
f 679 1552 1553 1554
f 542 678 1552 679
f 1550 1556 534 680
f 1549 1555 1556 1550
f 542 679 1555 1549
f 1559 1893 1558 102
f 534 1556 1893 1559
f 1893 1894 1557 1558
f 1556 1555 1894 1893
f 1894 1554 101 1557
f 1555 679 1554 1894
f 534 1560 1551 680
f 1560 309 79 1551
f 540 1403 1560 534
f 1403 78 309 1560
f 534 1559 1404 540
f 1559 102 330 1404
f 537 681 678 536
f 681 1189 1552 678
f 1189 1188 1553 1552
f 1188 708 100 1553
f 536 676 670 537
f 676 1544 1498 670
f 1544 1543 1499 1498
f 1543 1542 1500 1499
f 1542 1541 1501 1500
f 1541 135 395 1501
f 504 1401 1402 503
f 1401 77 313 1402
f 503 1405 1398 504
f 1405 88 286 1398
f 538 1426 1561 541
f 1426 90 390 1561
f 541 1562 1425 538
f 1562 378 140 1425
f 541 1561 1563 543
f 1561 390 331 1563
f 543 1564 1562 541
f 1564 139 378 1562
f 543 1563 1565 539
f 1563 331 91 1565
f 539 1566 1564 543
f 1566 138 139 1564
f 537 671 548 681
f 1567 1509 20 21
f 1568 1510 1509 1567
f 1569 1511 1510 1568
f 682 1512 1511 1569
f 1570 1513 1512 682
f 548 671 1513 1570
f 471 1571 1179 468
f 1571 1572 1180 1179
f 1572 709 288 1180
f 548 1570 1573 683
f 1570 682 549 1573
f 1574 1567 21 344
f 1575 1568 1567 1574
f 1576 1569 1568 1575
f 549 682 1569 1576
f 1573 1895 1187 683
f 549 1577 1895 1573
f 1895 1578 332 1187
f 1577 397 1578 1895
f 566 684 539 685
f 1566 1579 366 138
f 539 684 1579 1566
f 539 1565 1580 685
f 1565 91 92 1580
f 565 686 566 687
f 1579 1582 137 366
f 684 1581 1582 1579
f 566 686 1581 684
f 566 685 1584 687
f 685 1580 1583 1584
f 1580 92 337 1583
f 589 1585 1586 544
f 1585 374 195 1586
f 544 1587 1588 589
f 1587 338 94 1588
f 591 688 565 687
f 591 689 1591 688
f 689 1589 1590 1591
f 1589 377 196 1590
f 1592 1583 337 93
f 690 1584 1583 1592
f 591 687 1584 690
f 544 689 591 690
f 544 1586 1589 689
f 1586 195 377 1589
f 1587 1592 93 338
f 544 690 1592 1587
f 546 691 545 692
f 546 694 1537 691
f 694 13 14 1537
f 693 1540 12 336
f 546 692 1540 693
f 546 693 623 694
f 623 693 336 342
f 623 341 13 694
f 550 1593 1577 549
f 1593 345 397 1577
f 549 1576 1596 550
f 1576 1575 1595 1596
f 1575 1574 1594 1595
f 1574 344 22 1594
f 551 1597 1593 550
f 1597 310 345 1593
f 550 1596 1600 551
f 1596 1595 1599 1600
f 1595 1594 1598 1599
f 1594 22 219 1598
f 552 1601 1597 551
f 1601 99 310 1597
f 551 1600 1604 552
f 1600 1599 1603 1604
f 1599 1598 1602 1603
f 1598 219 23 1602
f 553 1605 1601 552
f 1605 98 99 1601
f 552 1604 1608 553
f 1604 1603 1607 1608
f 1603 1602 1606 1607
f 1602 23 24 1606
f 554 1609 1605 553
f 1609 346 98 1605
f 553 1608 1612 554
f 1608 1607 1611 1612
f 1607 1606 1610 1611
f 1606 24 364 1610
f 554 1612 1615 557
f 1612 1611 1614 1615
f 1611 1610 1613 1614
f 1610 364 349 1613
f 557 1616 1609 554
f 1616 347 346 1609
f 560 1617 1618 696
f 1617 695 590 1618
f 1623 1622 380 234
f 701 1621 1622 1623
f 1624 1620 1621 701
f 1625 1619 1620 1624
f 590 695 1619 1625
f 1618 1896 1629 696
f 590 700 1896 1618
f 1896 1897 1628 1629
f 700 1626 1897 1896
f 1897 1627 375 1628
f 1626 335 1627 1897
f 555 1630 1616 557
f 1630 97 347 1616
f 557 1615 1633 555
f 1615 1614 1632 1633
f 1614 1613 1631 1632
f 1613 349 25 1631
f 556 697 555 698
f 1630 1634 96 97
f 555 697 1634 1630
f 555 1633 1637 698
f 1633 1632 1636 1637
f 1632 1631 1635 1636
f 1631 25 350 1635
f 560 696 556 699
f 1634 1628 375 96
f 697 1629 1628 1634
f 556 696 1629 697
f 556 698 1641 699
f 698 1637 1640 1641
f 1637 1636 1639 1640
f 1636 1635 1638 1639
f 1635 350 351 1638
f 558 1642 1585 589
f 1642 385 374 1585
f 589 1588 1643 558
f 1588 94 95 1643
f 559 1644 1642 558
f 1644 194 385 1642
f 558 1643 1645 559
f 1643 95 321 1645
f 559 1646 1624 701
f 1646 1647 1625 1624
f 1647 700 590 1625
f 1647 1898 1626 700
f 1646 1899 1898 1647
f 559 1645 1899 1646
f 1898 1649 335 1626
f 1899 1648 1649 1898
f 1645 321 1648 1899
f 1644 1623 234 194
f 559 701 1623 1644
f 561 1650 1617 560
f 1650 1651 695 1617
f 1651 1652 1619 695
f 1652 1653 1620 1619
f 1653 1654 1621 1620
f 1654 1655 1622 1621
f 1655 193 380 1622
f 560 699 1660 561
f 699 1641 1659 1660
f 1641 1640 1658 1659
f 1640 1639 1657 1658
f 1639 1638 1656 1657
f 1638 351 348 1656
f 1667 1900 1666 562
f 561 1660 1900 1667
f 1900 1901 1665 1666
f 1660 1659 1901 1900
f 1901 1902 1664 1665
f 1659 1658 1902 1901
f 1902 1903 1663 1664
f 1658 1657 1903 1902
f 1903 1904 1662 1663
f 1657 1656 1904 1903
f 1904 1661 308 1662
f 1656 348 1661 1904
f 1667 1905 1650 561
f 562 1668 1905 1667
f 1905 1906 1651 1650
f 1668 1669 1906 1905
f 1906 1907 1652 1651
f 1669 1670 1907 1906
f 1907 1908 1653 1652
f 1670 1671 1908 1907
f 1908 1909 1654 1653
f 1671 1672 1909 1908
f 1909 1910 1655 1654
f 1672 1673 1910 1909
f 1910 1674 193 1655
f 1673 192 1674 1910
f 592 704 1668 562
f 704 1675 1669 1668
f 1675 1676 1670 1669
f 1676 1677 1671 1670
f 1677 1678 1672 1671
f 1678 1679 1673 1672
f 1679 191 192 1673
f 562 1666 705 592
f 1666 1665 1683 705
f 1665 1664 1682 1683
f 1664 1663 1681 1682
f 1663 1662 1680 1681
f 1662 308 26 1680
f 563 1423 1686 567
f 1423 1422 1685 1686
f 1422 1421 1684 1685
f 1421 150 136 1684
f 567 1687 1424 563
f 1687 50 51 1424
f 567 1688 1693 570
f 1688 1689 1692 1693
f 1689 1690 1691 1692
f 1690 197 359 1691
f 570 1694 1687 567
f 1694 401 50 1687
f 1697 1911 1442 523
f 564 1695 1911 1697
f 1911 1696 183 1442
f 1695 182 1696 1911
f 1697 1912 1699 564
f 523 1445 1912 1697
f 1912 1698 49 1699
f 1445 48 1698 1912
f 571 1700 1694 570
f 1700 356 401 1694
f 570 1693 1703 571
f 1693 1692 1702 1703
f 1692 1691 1701 1702
f 1691 359 297 1701
f 571 1703 1706 620
f 1703 1702 1705 1706
f 1702 1701 1704 1705
f 1701 297 362 1704
f 620 1707 1700 571
f 1707 358 356 1700
f 620 1706 1710 564
f 1706 1705 1709 1710
f 1705 1704 1708 1709
f 1704 362 352 1708
f 564 1699 1707 620
f 1699 49 358 1707
f 567 1686 1713 568
f 1686 1685 1712 1713
f 1685 1684 1711 1712
f 1684 136 241 1711
f 568 1714 1688 567
f 1714 1715 1689 1688
f 1715 1716 1690 1689
f 1716 246 197 1690
f 565 688 1714 568
f 688 1591 1715 1714
f 1591 1590 1716 1715
f 1590 196 246 1716
f 568 1713 686 565
f 1713 1712 1581 686
f 1712 1711 1582 1581
f 1711 241 137 1582
f 564 1710 1719 621
f 1710 1709 1718 1719
f 1709 1708 1717 1718
f 1708 352 198 1717
f 621 1720 1695 564
f 1720 181 182 1695
f 621 1719 1723 572
f 1719 1718 1722 1723
f 1718 1717 1721 1722
f 1717 198 199 1721
f 572 1724 1720 621
f 1724 363 181 1720
f 572 1723 1727 622
f 1723 1722 1726 1727
f 1722 1721 1725 1726
f 1721 199 200 1725
f 622 1728 1724 572
f 1728 394 363 1724
f 622 1727 1731 597
f 1727 1726 1730 1731
f 1726 1725 1729 1730
f 1725 200 404 1729
f 597 1732 1728 622
f 1732 180 394 1728
f 601 1733 1732 597
f 1733 179 180 1732
f 597 1734 1735 601
f 1734 226 33 1735
f 573 1736 1737 583
f 1736 34 35 1737
f 583 1738 1739 573
f 1738 178 360 1739
f 601 1735 1736 573
f 1735 33 34 1736
f 573 1739 1733 601
f 1739 360 179 1733
f 580 1740 1448 579
f 1740 42 43 1448
f 579 1449 1741 580
f 1449 213 169 1741
f 1744 1913 1740 580
f 578 1742 1913 1744
f 1913 1743 42 1740
f 1742 372 1743 1913
f 1744 1914 1746 578
f 580 1741 1914 1744
f 1914 1745 170 1746
f 1741 169 1745 1914
f 578 1746 1747 576
f 1746 170 171 1747
f 576 1748 1742 578
f 1748 371 372 1742
f 585 1749 1750 574
f 1749 40 369 1750
f 574 1751 1752 585
f 1751 253 173 1752
f 584 1753 1754 588
f 1753 37 368 1754
f 588 1755 1756 584
f 1755 175 176 1756
f 588 1754 1757 581
f 1754 368 38 1757
f 581 1758 1755 588
f 1758 373 175 1755
f 584 1756 1759 582
f 1756 176 177 1759
f 582 1760 1753 584
f 1760 36 37 1753
f 581 1757 1761 587
f 1757 38 294 1761
f 587 1762 1758 581
f 1762 174 373 1758
f 583 1737 1760 582
f 1737 35 36 1760
f 582 1759 1738 583
f 1759 177 178 1738
f 577 1763 1751 574
f 1763 172 253 1751
f 574 1750 1764 577
f 1750 369 370 1764
f 586 1765 1749 585
f 1765 39 40 1749
f 585 1752 1766 586
f 1752 173 367 1766
f 587 1761 1765 586
f 1761 294 39 1765
f 586 1766 1762 587
f 1766 367 174 1762
f 576 1747 1767 575
f 1747 171 365 1767
f 575 1768 1748 576
f 1768 41 371 1748
f 577 1764 1768 575
f 1764 370 41 1768
f 575 1767 1763 577
f 1767 365 172 1763
f 594 1769 1770 703
f 1769 702 593 1770
f 1773 1772 206 278
f 706 1771 1772 1773
f 593 702 1771 706
f 1770 1915 1781 703
f 593 707 1915 1770
f 1915 1916 1780 1781
f 707 1774 1916 1915
f 1916 1917 1779 1780
f 1774 1775 1917 1916
f 1917 1918 1778 1779
f 1775 1776 1918 1917
f 1918 1777 379 1778
f 1776 317 1777 1918
f 594 704 592 705
f 594 703 1675 704
f 703 1781 1676 1675
f 1781 1780 1677 1676
f 1780 1779 1678 1677
f 1779 1778 1679 1678
f 1778 379 191 1679
f 1772 1680 26 206
f 1771 1681 1680 1772
f 702 1682 1681 1771
f 1769 1683 1682 702
f 594 705 1683 1769
f 604 1782 1783 603
f 1782 316 28 1783
f 603 1784 1789 604
f 1784 1785 1788 1789
f 1785 1786 1787 1788
f 1786 281 189 1787
f 604 1789 1792 605
f 1789 1788 1791 1792
f 1788 1787 1790 1791
f 1787 189 382 1790
f 605 1793 1782 604
f 1793 327 316 1782
f 593 706 595 707
f 1794 1773 278 383
f 595 706 1773 1794
f 595 1795 1774 707
f 1795 1796 1775 1774
f 1796 1797 1776 1775
f 1797 190 317 1776
f 595 1794 1798 596
f 1794 383 27 1798
f 596 1799 1795 595
f 1799 1800 1796 1795
f 1800 1801 1797 1796
f 1801 381 190 1797
f 596 1798 1793 605
f 1798 27 327 1793
f 605 1792 1799 596
f 1792 1791 1800 1799
f 1791 1790 1801 1800
f 1790 382 381 1801
f 600 1802 1807 607
f 1802 1803 1806 1807
f 1803 1804 1805 1806
f 1804 201 202 1805
f 607 1808 1809 600
f 1808 30 31 1809
f 600 1809 1810 598
f 1809 31 32 1810
f 598 1811 1802 600
f 1811 1812 1803 1802
f 1812 1813 1804 1803
f 1813 386 201 1804
f 597 1731 1811 598
f 1731 1730 1812 1811
f 1730 1729 1813 1812
f 1729 404 386 1813
f 598 1810 1734 597
f 1810 32 226 1734
f 606 1814 1808 607
f 1814 389 30 1808
f 607 1807 1817 606
f 1807 1806 1816 1817
f 1806 1805 1815 1816
f 1805 202 312 1815
f 606 1817 1820 599
f 1817 1816 1819 1820
f 1816 1815 1818 1819
f 1815 312 187 1818
f 599 1821 1814 606
f 1821 391 389 1814
f 603 1783 1822 602
f 1783 28 29 1822
f 602 1823 1784 603
f 1823 1824 1785 1784
f 1824 1825 1786 1785
f 1825 188 281 1786
f 602 1822 1821 599
f 1822 29 391 1821
f 599 1820 1823 602
f 1820 1819 1824 1823
f 1819 1818 1825 1824
f 1818 187 188 1825
f 340 341 623 342
f 470 1178 1571 471
f 1178 1177 1572 1571
f 1177 325 709 1572
